Timestamp,No of CPUs,CPU Utilization (%),CPU Frequency (Mhz),Memory (MB),Memory Utilization (%),Compression Speed (MB/s),Compression Ratio,Packet size difference rate
2023-12-17 12:30:01,1,3.5,2399.998,1959.66796875,46.6,125.90711401056228,45.36038052602127,123.1314072693383
2023-12-17 12:30:04,1,1.9,2399.998,1959.66796875,46.7,258.35537848605577,45.36038052602127,252.6597609561753
2023-12-17 12:30:06,1,1.4,2399.998,1959.66796875,46.8,273.75548801080714,45.36038052602127,267.72036474164133
2023-12-17 12:30:08,1,2.4,2399.998,1959.66796875,46.7,272.7881541309103,45.36038052602127,266.7743563856638
2023-12-17 12:30:10,1,1.9,2399.998,1959.66796875,46.8,233.16266359844673,45.36038052602127,228.02243635840645
2023-12-17 12:30:12,1,1.9,2399.998,1959.66796875,46.8,287.6472675656494,45.36038052602127,281.30589070262596
2023-12-17 12:30:14,1,1.4,2399.998,1959.66796875,46.8,277.0774226627927,45.36038052602127,270.969065117074
2023-12-17 12:30:16,1,1.9,2399.998,1959.66796875,46.8,272.6046746258618,45.36038052602127,266.5949218093156
2023-12-17 12:30:18,1,1.4,2399.998,1959.66796875,46.8,274.45065176908753,45.36038052602127,268.4002031488065
2023-12-17 12:30:20,1,1.9,2399.998,1959.66796875,46.8,281.60152857391,45.36038052602127,275.39343408025013
2023-12-17 12:30:23,1,3.9,2399.998,1959.66796875,46.8,195.13480982185845,45.36038052602127,190.83293211362542
2023-12-17 12:30:25,1,5.1,2399.998,1959.66796875,47.0,254.5822864321608,45.36038052602127,248.96984924623115
2023-12-17 12:30:27,1,4.5,2399.998,1959.66796875,47.0,288.3122888138005,45.36038052602127,281.95625111150633
2023-12-17 12:30:29,1,5.9,2399.998,1959.66796875,47.0,267.69815059445176,45.36038052602127,261.7965653896962
2023-12-17 12:30:31,1,4.5,2399.998,1959.66796875,47.0,266.8609053497942,45.36038052602127,260.97777777777776
2023-12-17 12:30:33,1,4.5,2399.998,1959.66796875,47.0,255.38437303087588,45.36038052602127,249.75425330812854
2023-12-17 12:30:35,1,5.5,2399.998,1959.66796875,47.0,270.106631122959,45.36038052602127,264.15194935021657
2023-12-17 12:30:37,1,5.9,2399.998,1959.66796875,47.0,282.7803942089656,45.36038052602127,276.54631083202514
2023-12-17 12:30:39,1,5.0,2399.998,1959.66796875,47.0,297.13709677419354,45.36038052602127,290.5865102639296
2023-12-17 12:30:42,1,4.1,2399.998,1959.66796875,47.0,207.25901304014317,45.36038052602127,202.68984914344156
2023-12-17 12:30:44,1,8.5,2399.998,1959.66796875,47.3,200.49220875587434,45.36038052602127,196.07222359633934
2023-12-17 12:30:46,1,11.1,2399.998,1959.66796875,47.5,262.6668826960467,45.36038052602127,256.87621516526247
2023-12-17 12:30:48,1,9.2,2399.998,1959.66796875,47.5,222.81198460692687,45.36038052602127,217.89994502473886
2023-12-17 12:30:50,1,10.2,2399.998,1959.66796875,47.5,278.5054114413331,45.36038052602127,272.3655729256142
2023-12-17 12:30:52,1,9.2,2399.998,1959.66796875,47.5,258.273060379162,45.36038052602127,252.57925760713718
2023-12-17 12:30:54,1,9.8,2399.998,1959.66796875,47.5,279.2730404823428,45.36038052602127,273.1162790697674
2023-12-17 12:30:56,1,8.6,2399.998,1959.66796875,47.5,264.46655791190864,45.36038052602127,258.63621533442085
2023-12-17 12:30:58,1,9.2,2399.998,1959.66796875,47.5,273.57070536618295,45.36038052602127,267.53965575430306
2023-12-17 12:31:01,1,8.7,2399.998,1959.66796875,47.5,203.28275862068966,45.36038052602127,198.8012539184953
2023-12-17 12:31:03,1,12.7,2399.998,1959.66796875,47.8,253.07211988760537,45.36038052602127,247.49297533562284
2023-12-17 12:31:05,1,15.2,2399.998,1959.66796875,47.8,188.9046842227919,45.36038052602127,184.74015381030063
2023-12-17 12:31:07,1,16.4,2399.998,1959.66796875,48.1,287.0869488223836,45.36038052602127,280.75792456171416
2023-12-17 12:31:09,1,14.7,2399.998,1959.66796875,48.1,260.9755312298777,45.36038052602127,255.22215067611074
2023-12-17 12:31:11,1,18.2,2399.998,1959.66796875,48.6,258.23192099394714,45.36038052602127,252.5390251672507
2023-12-17 12:31:13,1,16.8,2399.998,1959.66796875,48.6,264.89869281045753,45.36038052602127,259.05882352941177
2023-12-17 12:31:15,1,18.7,2399.998,1959.66796875,48.6,259.26435311050693,45.36038052602127,253.5486966256197
2023-12-17 12:31:18,1,14.7,2399.998,1959.66796875,48.6,288.2097777777778,45.36038052602127,281.856
2023-12-17 12:31:20,1,15.3,2399.998,1959.66796875,48.6,194.15329341317366,45.36038052602127,189.87305389221558
2023-12-17 12:31:22,1,21.1,2399.998,1959.66796875,48.6,280.28699861687414,45.36038052602127,274.10788381742736
2023-12-17 12:31:24,1,18.4,2399.998,1959.66796875,48.6,255.70662460567823,45.36038052602127,250.06940063091483
2023-12-17 12:31:26,1,27.8,2399.998,1959.66796875,48.6,267.3009068425392,45.36038052602127,261.4080791426216
2023-12-17 12:31:28,1,24.3,2399.998,1959.66796875,48.6,266.3785737758791,45.36038052602127,260.5060795267828
2023-12-17 12:31:30,1,25.0,2399.998,1959.66796875,48.6,271.9188191881919,45.36038052602127,265.9241865145924
2023-12-17 12:31:33,1,24.1,2399.998,1959.66796875,48.6,278.45757471659226,45.36038052602127,272.3187907935417
2023-12-17 12:31:35,1,20.8,2399.998,1959.66796875,48.6,266.15990806107374,45.36038052602127,260.292234444262
2023-12-17 12:31:37,1,19.6,2399.998,1959.66796875,48.6,265.4191224623445,45.36038052602127,259.56777996070724
2023-12-17 12:31:39,1,23.3,2399.998,1959.66796875,48.6,268.49619079165285,45.36038052602127,262.57701225571384
2023-12-17 12:31:41,1,18.5,2399.998,1959.66796875,48.6,192.15123859191655,45.36038052602127,187.91513571174588
2023-12-17 12:31:43,1,25.9,2399.998,1959.66796875,48.6,260.30507385998715,45.36038052602127,254.5664739884393
2023-12-17 12:31:45,1,25.0,2399.998,1959.66796875,48.6,262.3268608414239,45.36038052602127,256.54368932038835
2023-12-17 12:31:48,1,28.3,2399.998,1959.66796875,48.6,281.89532255259957,45.36038052602127,275.6807511737089
2023-12-17 12:31:50,1,26.9,2399.998,1959.66796875,48.6,281.25954198473283,45.36038052602127,275.058986814712
2023-12-17 12:31:52,1,21.1,2399.998,1959.66796875,48.6,264.9852893102321,45.36038052602127,259.14351095129126
2023-12-17 12:31:54,1,22.8,2399.998,1959.66796875,48.6,193.4813223535028,45.36038052602127,189.2158968850698
2023-12-17 12:31:56,1,26.7,2399.998,1959.66796875,48.7,267.2127905060162,45.36038052602127,261.32190538981376
2023-12-17 12:31:58,1,24.6,2399.998,1959.66796875,48.7,179.7117836160071,45.36038052602127,175.74991686065846
2023-12-17 12:32:00,1,29.6,2399.998,1959.66796875,49.0,271.14567653453753,45.36038052602127,265.1680883090818
2023-12-17 12:32:03,1,38.3,2399.998,1959.66796875,49.0,272.8340626051834,45.36038052602127,266.8192527768428
2023-12-17 12:32:05,1,35.7,2399.998,1959.66796875,49.0,271.82763246143526,45.36038052602127,265.83501006036215
2023-12-17 12:32:07,1,35.0,2399.998,1959.66796875,49.0,251.77512036030438,45.36038052602127,246.22456903245845
2023-12-17 12:32:09,1,31.4,2399.998,1959.66796875,49.0,249.10571604179472,45.36038052602127,243.6140135218193
2023-12-17 12:32:11,1,28.8,2399.998,1959.66796875,49.0,170.7224094355518,45.36038052602127,166.95871946082562
2023-12-17 12:32:13,1,31.7,2399.998,1959.66796875,49.3,269.20956492859517,45.36038052602127,263.27465958153437
2023-12-17 12:32:15,1,35.5,2399.998,1959.66796875,49.3,248.1904470300061,45.36038052602127,242.71892222902633
2023-12-17 12:32:18,1,44.7,2399.998,1959.66796875,49.3,269.6573519627412,45.36038052602127,263.7125748502994
2023-12-17 12:32:20,1,44.6,2399.998,1959.66796875,49.3,265.68010488364473,45.36038052602127,259.82300884955754
2023-12-17 12:32:22,1,39.8,2399.998,1959.66796875,49.3,280.19011406844106,45.36038052602127,274.0131351538196
2023-12-17 12:32:24,1,34.5,2399.998,1959.66796875,49.3,261.6072293045022,45.36038052602127,255.83992254316604
2023-12-17 12:32:26,1,33.6,2399.998,1959.66796875,49.3,209.5630816959669,45.36038052602127,204.94312306101344
2023-12-17 12:32:28,1,29.7,2399.998,1959.66796875,49.3,263.43516412089696,45.36038052602127,257.62755931101725
2023-12-17 12:32:30,1,32.8,2399.998,1959.66796875,49.3,272.42144177449165,45.36038052602127,266.41572844900014
2023-12-17 12:32:33,1,34.7,2399.998,1959.66796875,49.3,196.10257650901173,45.36038052602127,191.77936373533325
2023-12-17 12:32:35,1,35.3,2399.998,1959.66796875,49.5,185.3624514063572,45.36038052602127,181.27601189115023
2023-12-17 12:32:37,1,37.4,2399.998,1959.66796875,49.8,264.812152891212,45.36038052602127,258.9741914407056
2023-12-17 12:32:39,1,35.5,2399.998,1959.66796875,49.8,258.56140350877195,45.36038052602127,252.86124401913875
2023-12-17 12:32:41,1,26.4,2399.998,1959.66796875,49.8,282.8790786948177,45.36038052602127,276.64281975222474
2023-12-17 12:32:43,1,26.5,2399.998,1959.66796875,49.8,274.822851330734,45.36038052602127,268.76419732157996
2023-12-17 12:32:45,1,26.8,2399.998,1959.66796875,49.8,255.86805555555554,45.36038052602127,250.22727272727272
2023-12-17 12:32:48,1,27.7,2399.998,1959.66796875,49.8,279.9965457685665,45.36038052602127,273.8238341968912
2023-12-17 12:32:50,1,32.0,2399.998,1959.66796875,49.8,191.76484504376626,45.36038052602127,187.53726046841732
2023-12-17 12:32:52,1,27.5,2399.998,1959.66796875,50.0,190.10084427767356,45.36038052602127,185.90994371482176
2023-12-17 12:32:54,1,24.8,2399.998,1959.66796875,50.3,174.58324359250486,45.36038052602127,170.7344389403403
2023-12-17 12:32:56,1,25.2,2399.998,1959.66796875,50.6,189.21335200746967,45.36038052602127,185.0420168067227
2023-12-17 12:32:59,1,36.1,2399.998,1959.66796875,50.8,250.9566563467492,45.36038052602127,245.42414860681114
2023-12-17 12:33:01,1,35.3,2399.998,1959.66796875,50.8,267.08072487644154,45.36038052602127,261.19275123558486
2023-12-17 12:33:03,1,34.2,2399.998,1959.66796875,50.8,247.8868501529052,45.36038052602127,242.42201834862385
2023-12-17 12:33:05,1,48.6,2399.998,1959.66796875,50.8,267.47731397459165,45.36038052602127,261.580597261178
2023-12-17 12:33:07,1,39.8,2399.998,1959.66796875,50.8,270.51226430835976,45.36038052602127,264.54864008009343
2023-12-17 12:33:09,1,41.1,2399.998,1959.66796875,50.8,277.83718937446446,45.36038052602127,271.7120822622108
2023-12-17 12:33:11,1,35.7,2399.998,1959.66796875,50.8,273.9405204460966,45.36038052602127,267.9013180128422
2023-12-17 12:33:13,1,33.3,2399.998,1959.66796875,50.8,278.4097544221192,45.36038052602127,272.27202472952087
2023-12-17 12:33:15,1,37.6,2399.998,1959.66796875,50.8,182.83297620390212,45.36038052602127,178.80230066538851
2023-12-17 12:33:17,1,26.6,2399.998,1959.66796875,51.1,210.18799429534553,45.36038052602127,205.55425904317386
2023-12-17 12:33:20,1,24.0,2399.998,1959.66796875,51.4,172.44761195617488,45.36038052602127,168.64588873524093
2023-12-17 12:33:22,1,25.2,2399.998,1959.66796875,51.6,196.86460230722525,45.36038052602127,192.52459016393442
2023-12-17 12:33:24,1,34.6,2399.998,1959.66796875,51.9,192.24238112178347,45.36038052602127,188.0042689434365
2023-12-17 12:33:26,1,48.6,2399.998,1959.66796875,52.1,281.21075455333914,45.36038052602127,275.0112749349523
2023-12-17 12:33:29,1,45.8,2399.998,1959.66796875,52.1,277.31440301060553,45.36038052602127,271.2008210742388
2023-12-17 12:33:31,1,43.3,2399.998,1959.66796875,52.1,261.1016266709615,45.36038052602127,255.34546625865678
2023-12-17 12:33:33,1,42.6,2399.998,1959.66796875,52.1,283.57180339338817,45.36038052602127,277.3202728703866
2023-12-17 12:33:35,1,42.0,2399.998,1959.66796875,52.1,235.12400290065264,45.36038052602127,229.94053662073966
2023-12-17 12:33:37,1,39.0,2399.998,1959.66796875,52.1,272.0557140459809,45.36038052602127,266.058063433462
2023-12-17 12:33:39,1,38.7,2399.998,1959.66796875,52.1,277.4567858976553,45.36038052602127,271.3400650350847
2023-12-17 12:33:41,1,43.7,2399.998,1959.66796875,52.1,283.91943957968476,45.36038052602127,277.6602451838879
2023-12-17 12:33:43,1,42.2,2399.998,1959.66796875,52.1,264.2510187449063,45.36038052602127,258.4254278728606
2023-12-17 12:33:45,1,41.3,2399.998,1959.66796875,52.1,268.98622863779656,45.36038052602127,263.0562468889995
2023-12-17 12:33:47,1,39.8,2399.998,1959.66796875,52.1,266.5537652088129,45.36038052602127,260.6774087471227
2023-12-17 12:33:50,1,40.2,2399.998,1959.66796875,52.1,262.7520259319287,45.36038052602127,256.95948136142624
2023-12-17 12:33:52,1,40.0,2399.998,1959.66796875,52.1,261.01754950893576,45.36038052602127,255.26324263403637
2023-12-17 12:33:54,1,32.1,2399.998,1959.66796875,52.2,195.41706846673097,45.36038052602127,191.10896817743492
2023-12-17 12:33:56,1,37.0,2399.998,1959.66796875,52.4,202.90112640801001,45.36038052602127,198.42803504380475
2023-12-17 12:33:58,1,33.0,2399.998,1959.66796875,52.7,188.15923862581243,45.36038052602127,184.01114206128133
2023-12-17 12:34:00,1,32.8,2399.998,1959.66796875,52.9,187.57144510008098,45.36038052602127,183.43630683790352
2023-12-17 12:34:02,1,32.8,2399.998,1959.66796875,53.2,184.87626867373703,45.36038052602127,180.80054738282587
2023-12-17 12:34:04,1,36.4,2399.998,1959.66796875,53.5,206.83592753253382,45.36038052602127,202.2760908394999
2023-12-17 12:34:06,1,40.4,2399.998,1959.66796875,53.7,179.87129701542216,45.36038052602127,175.90591368023965
2023-12-17 12:34:09,1,40.0,2399.998,1959.66796875,54.0,188.09374637428937,45.36038052602127,183.94709363035156
2023-12-17 12:34:11,1,37.6,2399.998,1959.66796875,54.2,196.05514572499698,45.36038052602127,191.73297859475147
2023-12-17 12:34:13,1,38.9,2399.998,1959.66796875,54.5,200.93951412989588,45.36038052602127,196.50966782350025
2023-12-17 12:34:15,1,47.4,2399.998,1959.66796875,54.8,265.5930537352556,45.36038052602127,259.737876802097
2023-12-17 12:34:17,1,49.5,2399.998,1959.66796875,54.8,281.55262243834665,45.36038052602127,275.34560611323377
2023-12-17 12:34:19,1,50.5,2399.998,1959.66796875,54.8,285.31854980640617,45.36038052602127,279.0285110876452
2023-12-17 12:34:21,1,69.7,2399.998,1959.66796875,54.8,270.106631122959,45.36038052602127,264.15194935021657
2023-12-17 12:34:23,1,69.2,2399.998,1959.66796875,54.8,257.33015873015876,45.36038052602127,251.65714285714284
2023-12-17 12:34:26,1,69.2,2399.998,1959.66796875,54.8,282.23885793871864,45.36038052602127,276.016713091922
2023-12-17 12:34:28,1,58.9,2399.998,1959.66796875,54.8,254.66226830034557,45.36038052602127,249.04806786050895
2023-12-17 12:34:30,1,57.4,2399.998,1959.66796875,54.8,267.9193521731945,45.36038052602127,262.0128904313337
2023-12-17 12:34:32,1,57.6,2399.998,1959.66796875,54.8,284.8172874209417,45.36038052602127,278.5382993675334
2023-12-17 12:34:34,1,56.3,2399.998,1959.66796875,54.8,266.028880866426,45.36038052602127,260.1640958319659
2023-12-17 12:34:37,1,80.3,2399.998,1959.66796875,54.8,274.45065176908753,45.36038052602127,268.4002031488065
2023-12-17 12:34:39,1,67.9,2399.998,1959.66796875,54.8,234.41006362058994,45.36038052602127,229.24233661075766
2023-12-17 12:34:41,1,78.2,2399.998,1959.66796875,54.8,243.09191782875993,45.36038052602127,237.7327935222672
2023-12-17 12:34:43,1,77.3,2399.998,1959.66796875,54.8,280.5780546902042,45.36038052602127,274.39252336448595
2023-12-17 12:34:45,1,71.4,2399.998,1959.66796875,54.8,287.39230632866514,45.36038052602127,281.05655025704664
2023-12-17 12:34:47,1,55.7,2399.998,1959.66796875,54.8,273.7092689515448,45.36038052602127,267.67516461252745
2023-12-17 12:34:50,1,81.8,2399.998,1959.66796875,54.8,264.5528720626632,45.36038052602127,258.7206266318538
2023-12-17 12:34:52,1,62.8,2399.998,1959.66796875,54.8,279.5137931034483,45.36038052602127,273.35172413793106
2023-12-17 12:34:54,1,56.8,2399.998,1959.66796875,54.8,272.3299176885604,45.36038052602127,266.32622207290444
2023-12-17 12:34:56,1,56.0,2399.998,1959.66796875,54.8,280.48096885813146,45.36038052602127,274.29757785467126
2023-12-17 12:34:58,1,67.5,2399.998,1959.66796875,54.8,270.82860006682256,45.36038052602127,264.8580020046776
2023-12-17 12:35:01,1,63.1,2399.998,1959.66796875,54.8,268.7632625994695,45.36038052602127,262.83819628647217
2023-12-17 12:35:03,1,65.9,2399.998,1959.66796875,54.8,256.11058451816746,45.36038052602127,250.46445497630333
2023-12-17 12:35:05,1,69.6,2399.998,1959.66796875,54.8,280.0932964754665,45.36038052602127,273.91845196959224
2023-12-17 12:35:07,1,70.1,2399.998,1959.66796875,54.8,274.72970682935096,45.36038052602127,268.6731062531774
2023-12-17 12:35:09,1,67.0,2399.998,1959.66796875,54.8,280.5780546902042,45.36038052602127,274.39252336448595
2023-12-17 12:35:11,1,70.7,2399.998,1959.66796875,54.8,281.3083463473885,45.36038052602127,275.10671525247267
2023-12-17 12:35:14,1,59.1,2399.998,1959.66796875,54.8,279.08073678774315,45.36038052602127,272.9282148390429
2023-12-17 12:35:16,1,75.0,2399.998,1959.66796875,54.8,268.45173041894355,45.36038052602127,262.5335320417288
2023-12-17 12:35:18,1,72.0,2399.998,1959.66796875,54.8,205.44671144341655,45.36038052602127,200.9175009504499
2023-12-17 12:35:20,1,61.6,2399.998,1959.66796875,54.8,283.67104111986004,45.36038052602127,277.4173228346457
2023-12-17 12:35:22,1,60.7,2399.998,1959.66796875,54.8,264.94198398431115,45.36038052602127,259.1011603203138
2023-12-17 12:35:24,1,61.4,2399.998,1959.66796875,54.8,282.18973020017404,45.36038052602127,275.9686684073107
2023-12-17 12:35:27,1,58.2,2399.998,1959.66796875,54.8,265.9852337981952,45.36038052602127,260.1214109926169
2023-12-17 12:35:29,1,57.3,2399.998,1959.66796875,54.8,278.9846842195835,45.36038052602127,272.8342798141456
2023-12-17 12:35:31,1,58.9,2399.998,1959.66796875,54.8,267.83082768874937,45.36038052602127,261.92631752849826
2023-12-17 12:35:33,1,58.7,2399.998,1959.66796875,54.8,266.42235004108466,45.36038052602127,260.54889071487264
2023-12-17 12:35:35,1,59.6,2399.998,1959.66796875,54.8,268.71871374109065,45.36038052602127,262.7946295375435
2023-12-17 12:35:37,1,53.3,2399.998,1959.66796875,54.8,272.2841787033927,45.36038052602127,266.28149143432984
2023-12-17 12:35:40,1,62.7,2399.998,1959.66796875,54.8,281.6504517025712,45.36038052602127,275.44127866574007
2023-12-17 12:35:42,1,55.3,2399.998,1959.66796875,54.8,280.0449127655899,45.36038052602127,273.87113491103815
2023-12-17 12:35:44,1,72.2,2399.998,1959.66796875,54.8,266.77307882178707,45.36038052602127,260.8918874444627
2023-12-17 12:35:46,1,71.1,2399.998,1959.66796875,54.8,262.7946182525531,45.36038052602127,257.001134705787
2023-12-17 12:35:48,1,73.7,2399.998,1959.66796875,54.8,266.77307882178707,45.36038052602127,260.8918874444627
2023-12-17 12:35:51,1,69.0,2399.998,1959.66796875,54.8,285.46927275928863,45.36038052602127,279.175911251981
2023-12-17 12:35:53,1,65.9,2399.998,1959.66796875,54.8,279.8515449680649,45.36038052602127,273.68203003625064
2023-12-17 12:35:55,1,60.0,2399.998,1959.66796875,54.8,270.51226430835976,45.36038052602127,264.54864008009343
2023-12-17 12:35:57,1,67.9,2399.998,1959.66796875,54.8,270.9643991308708,45.36038052602127,264.99080728731406
2023-12-17 12:35:59,1,57.8,2399.998,1959.66796875,54.8,281.21075455333914,45.36038052602127,275.0112749349523
2023-12-17 12:36:02,1,55.2,2399.998,1959.66796875,54.8,293.2139627419063,45.36038052602127,286.74986435160065
2023-12-17 12:36:04,1,56.8,2399.998,1959.66796875,54.8,278.4097544221192,45.36038052602127,272.27202472952087
2023-12-17 12:36:06,1,62.4,2399.998,1959.66796875,54.8,285.9728347151173,45.36038052602127,279.6683718468866
2023-12-17 12:36:08,1,54.8,2399.998,1959.66796875,54.8,273.34007755859045,45.36038052602127,267.3141122913505
2023-12-17 12:36:10,1,57.6,2399.998,1959.66796875,54.8,285.87198025039675,45.36038052602127,279.56974078645743
2023-12-17 12:36:12,1,53.8,2399.998,1959.66796875,54.8,277.980109739369,45.36038052602127,271.85185185185185
2023-12-17 12:36:15,1,56.0,2399.998,1959.66796875,54.8,287.39230632866514,45.36038052602127,281.05655025704664
2023-12-17 12:36:17,1,57.8,2399.998,1959.66796875,54.8,276.6046749701416,45.36038052602127,270.50673946425525
2023-12-17 12:36:19,1,64.7,2399.998,1959.66796875,54.8,263.2640467684313,45.36038052602127,257.46021435531014
2023-12-17 12:36:21,1,61.2,2399.998,1959.66796875,54.8,279.8515449680649,45.36038052602127,273.68203003625064
2023-12-17 12:36:23,1,53.8,2399.998,1959.66796875,54.8,260.7237053715021,45.36038052602127,254.9758764876166
2023-12-17 12:36:25,1,54.3,2399.998,1959.66796875,54.8,267.16875411997364,45.36038052602127,261.27883981542516
2023-12-17 12:36:28,1,64.3,2399.998,1959.66796875,54.8,282.8790786948177,45.36038052602127,276.64281975222474
2023-12-17 12:36:30,1,56.7,2399.998,1959.66796875,54.8,269.7919786986187,45.36038052602127,263.84423364952573
2023-12-17 12:36:32,1,65.4,2399.998,1959.66796875,54.8,256.9630686321129,45.36038052602127,251.2981455064194
2023-12-17 12:36:34,1,55.4,2399.998,1959.66796875,54.8,279.2730404823428,45.36038052602127,273.1162790697674
2023-12-17 12:36:37,1,53.8,2399.998,1959.66796875,54.8,282.6817785527463,45.36038052602127,276.44986922406275
2023-12-17 12:36:39,1,63.1,2399.998,1959.66796875,54.8,284.8172874209417,45.36038052602127,278.5382993675334
2023-12-17 12:36:41,1,76.3,2399.998,1959.66796875,54.8,240.9601664684899,45.36038052602127,235.64803804994054
2023-12-17 12:36:43,1,70.4,2399.998,1959.66796875,54.8,260.4305220883534,45.36038052602127,254.68915662650602
2023-12-17 12:36:45,1,67.5,2399.998,1959.66796875,54.8,260.1379974326059,45.36038052602127,254.403080872914
2023-12-17 12:36:47,1,57.8,2399.998,1959.66796875,54.8,269.1648680059771,45.36038052602127,263.2309480325419
2023-12-17 12:36:50,1,56.3,2399.998,1959.66796875,54.8,258.85039118633244,45.36038052602127,253.14386076959923
2023-12-17 12:36:52,1,57.5,2399.998,1959.66796875,54.8,279.7549611734254,45.36038052602127,273.5875754961173
2023-12-17 12:36:54,1,57.1,2399.998,1959.66796875,54.8,275.00932994062765,45.36038052602127,268.9465648854962
2023-12-17 12:36:56,1,68.7,2399.998,1959.66796875,54.8,284.5173745173745,45.36038052602127,278.24499824499827
2023-12-17 12:36:58,1,58.0,2399.998,1959.66796875,54.8,271.7820620284996,45.36038052602127,265.79044425817267
2023-12-17 12:37:01,1,52.7,2399.998,1959.66796875,54.8,263.22130215944145,45.36038052602127,257.4184120798831
2023-12-17 12:37:03,1,54.3,2399.998,1959.66796875,54.8,258.9744408945687,45.36038052602127,253.26517571884983
2023-12-17 12:37:05,1,79.2,2399.998,1959.66796875,54.8,262.96512570965126,45.36038052602127,257.1678832116788
2023-12-17 12:37:07,1,71.8,2399.998,1959.66796875,54.8,258.06749442852595,45.36038052602127,252.378223495702
2023-12-17 12:37:09,1,67.9,2399.998,1959.66796875,54.8,282.14061956143405,45.36038052602127,275.92064044552734
Timestamp,No of CPUs,CPU Utilization (%),CPU Frequency (Mhz),Memory (MB),Memory Utilization (%),Compression Speed (MB/s),Compression Ratio,Packet size difference rate
2023-12-17 12:41:55,2,6.6,2399.998,3907.64453125,26.8,117.36624918554985,45.36038052602127,114.77883153551002
2023-12-17 12:41:57,2,2.1,2399.998,3907.64453125,26.9,268.7632625994695,45.36038052602127,262.83819628647217
2023-12-17 12:41:59,2,3.3,2399.998,3907.64453125,26.9,266.1162179908076,45.36038052602127,260.2495075508864
2023-12-17 12:42:01,2,1.4,2399.998,3907.64453125,26.9,272.7881541309103,45.36038052602127,266.7743563856638
2023-12-17 12:42:03,2,1.4,2399.998,3907.64453125,26.9,251.7360248447205,45.36038052602127,246.1863354037267
2023-12-17 12:42:05,2,1.4,2399.998,3907.64453125,26.9,270.106631122959,45.36038052602127,264.15194935021657
2023-12-17 12:42:08,2,1.4,2399.998,3907.64453125,26.9,271.64544235924933,45.36038052602127,265.65683646112603
2023-12-17 12:42:10,2,1.2,2399.998,3907.64453125,26.9,273.84797297297297,45.36038052602127,267.81081081081084
2023-12-17 12:42:12,2,1.7,2399.998,3907.64453125,26.9,263.3923639317628,45.36038052602127,257.5857026807474
2023-12-17 12:42:14,2,1.2,2399.998,3907.64453125,27.0,267.47731397459165,45.36038052602127,261.580597261178
2023-12-17 12:42:19,2,16.4,2399.998,3907.64453125,26.9,254.4224733207784,45.36038052602127,248.8135593220339
2023-12-17 12:42:24,2,19.9,2399.998,3907.64453125,26.9,242.43756542545236,45.36038052602127,237.092866756393
2023-12-17 12:42:29,2,17.0,2399.998,3907.64453125,27.1,271.9188191881919,45.36038052602127,265.9241865145924
2023-12-17 12:42:34,2,17.6,2399.998,3907.64453125,26.9,260.4723650385604,45.36038052602127,254.7300771208226
2023-12-17 12:42:39,2,19.3,2399.998,3907.64453125,27.8,270.46713380046714,45.36038052602127,264.5045045045045
2023-12-17 12:42:44,2,19.0,2399.998,3907.64453125,27.7,255.1833779316858,45.36038052602127,249.5576892806548
2023-12-17 12:42:49,2,20.2,2399.998,3907.64453125,27.8,265.24541884816756,45.36038052602127,259.3979057591623
2023-12-17 12:42:54,2,20.2,2399.998,3907.64453125,27.6,278.36195054945057,45.36038052602127,272.22527472527474
2023-12-17 12:42:59,2,20.0,2399.998,3907.64453125,27.6,204.33324930678094,45.36038052602127,199.82858583312327
2023-12-17 12:43:04,2,20.1,2399.998,3907.64453125,27.6,228.14241486068113,45.36038052602127,223.11286236982832
2023-12-17 12:43:11,2,26.9,2399.998,3907.64453125,27.7,288.3122888138005,45.36038052602127,281.95625111150633
2023-12-17 12:43:18,2,29.5,2399.998,3907.64453125,27.2,257.7802512323104,45.36038052602127,252.09731276832565
2023-12-17 12:43:24,2,27.4,2399.998,3907.64453125,27.3,280.8697158697159,45.36038052602127,274.6777546777547
2023-12-17 12:43:31,2,28.0,2399.998,3907.64453125,27.2,276.32179989773306,45.36038052602127,270.23010056246807
2023-12-17 12:43:38,2,29.6,2399.998,3907.64453125,27.1,275.5702872684005,45.36038052602127,269.4951555328914
2023-12-17 12:43:45,2,27.7,2399.998,3907.64453125,27.1,264.38030006523155,45.36038052602127,258.5518590998043
2023-12-17 12:43:52,2,27.1,2399.998,3907.64453125,27.1,297.5734214390602,45.36038052602127,291.0132158590308
2023-12-17 12:43:59,2,28.0,2399.998,3907.64453125,27.0,257.7802512323104,45.36038052602127,252.09731276832565
2023-12-17 12:44:05,2,28.2,2399.998,3907.64453125,27.1,272.7422611036339,45.36038052602127,266.7294751009421
2023-12-17 12:44:12,2,28.1,2399.998,3907.64453125,27.0,267.4331903662158,45.36038052602127,261.53744638733093
2023-12-17 12:44:14,2,3.8,2399.998,3907.64453125,27.0,252.36301369863014,45.36038052602127,246.79950186799502
2023-12-17 12:44:16,2,3.8,2399.998,3907.64453125,27.0,266.5975990790988,45.36038052602127,260.72027627035027
2023-12-17 12:44:18,2,3.8,2399.998,3907.64453125,27.0,257.94431185361975,45.36038052602127,252.25775656324583
2023-12-17 12:44:21,2,4.0,2399.998,3907.64453125,27.0,264.2940984675579,45.36038052602127,258.4675578741441
2023-12-17 12:44:23,2,3.8,2399.998,3907.64453125,27.0,262.1995794921559,45.36038052602127,256.4192139737991
2023-12-17 12:44:25,2,3.3,2399.998,3907.64453125,27.0,257.4527552802922,45.36038052602127,251.7770366841353
2023-12-17 12:44:27,2,2.6,2399.998,3907.64453125,27.0,275.8516249787306,45.36038052602127,269.7702909647779
2023-12-17 12:44:29,2,4.0,2399.998,3907.64453125,27.0,278.45757471659226,45.36038052602127,272.3187907935417
2023-12-17 12:44:31,2,5.5,2399.998,3907.64453125,27.0,183.28773318258902,45.36038052602127,179.2470322215941
2023-12-17 12:44:33,2,10.0,2399.998,3907.64453125,27.1,271.7365068722762,45.36038052602127,265.7458933959102
2023-12-17 12:44:38,2,25.5,2399.998,3907.64453125,27.3,276.2747102931152,45.36038052602127,270.18404907975463
2023-12-17 12:44:43,2,25.2,2399.998,3907.64453125,27.0,262.3268608414239,45.36038052602127,256.54368932038835
2023-12-17 12:44:48,2,25.9,2399.998,3907.64453125,27.1,275.00932994062765,45.36038052602127,268.9465648854962
2023-12-17 12:44:53,2,24.9,2399.998,3907.64453125,27.5,256.11058451816746,45.36038052602127,250.46445497630333
2023-12-17 12:44:58,2,25.5,2399.998,3907.64453125,27.4,216.388147357181,45.36038052602127,211.61772557394553
2023-12-17 12:45:03,2,24.8,2399.998,3907.64453125,27.8,254.262860727729,45.36038052602127,248.65746549560853
2023-12-17 12:45:08,2,25.6,2399.998,3907.64453125,27.7,270.46713380046714,45.36038052602127,264.5045045045045
2023-12-17 12:45:13,2,24.6,2399.998,3907.64453125,27.5,82.76393710434961,45.36038052602127,80.9393506228303
2023-12-17 12:45:18,2,25.8,2399.998,3907.64453125,27.4,272.5588433086752,45.36038052602127,266.55010087424347
2023-12-17 12:45:23,2,8.3,2399.998,3907.64453125,26.7,272.7422611036339,45.36038052602127,266.7294751009421
2023-12-17 12:45:24,2,5.5,2399.998,3907.64453125,26.8,258.93307778310174,45.36038052602127,253.22472448490657
Timestamp,No of CPUs,CPU Utilization (%),CPU Frequency (Mhz),Memory (MB),Memory Utilization (%),Compression Speed (MB/s),Compression Ratio,Packet size difference rate
2023-12-17 12:54:11,2,8.2,2399.998,3907.64453125,28.4,202.1673525377229,45.36038052602127,197.7104377104377
2023-12-17 12:54:13,2,3.3,2399.998,3907.64453125,28.5,268.0965768149496,45.36038052602127,262.1862080370432
2023-12-17 12:54:15,2,2.9,2399.998,3907.64453125,28.5,270.37691794529684,45.36038052602127,264.41627751834557
2023-12-17 12:54:17,2,3.3,2399.998,3907.64453125,28.5,275.8516249787306,45.36038052602127,269.7702909647779
2023-12-17 12:54:19,2,2.6,2399.998,3907.64453125,28.5,286.68081343943413,45.36038052602127,280.3607427055703
2023-12-17 12:54:24,2,23.5,2399.998,3907.64453125,29.3,257.24849254205014,45.36038052602127,251.5772770549032
2023-12-17 12:54:29,2,23.8,2399.998,3907.64453125,29.3,243.38387629485064,45.36038052602127,238.018315568233
2023-12-17 12:54:34,2,21.3,2399.998,3907.64453125,29.9,242.00328407224958,45.36038052602127,236.6681594267801
2023-12-17 12:54:39,2,23.8,2399.998,3907.64453125,29.8,251.97078023002797,45.36038052602127,246.41591544917625
2023-12-17 12:54:44,2,23.6,2399.998,3907.64453125,29.8,267.2568414111441,45.36038052602127,261.3649851632047
2023-12-17 12:54:50,2,29.8,2399.998,3907.64453125,29.1,273.57070536618295,45.36038052602127,267.53965575430306
2023-12-17 12:54:57,2,30.7,2399.998,3907.64453125,29.3,255.38437303087588,45.36038052602127,249.75425330812854
2023-12-17 12:55:04,2,33.2,2399.998,3907.64453125,30.1,271.5544388609715,45.36038052602127,265.5678391959799
2023-12-17 12:55:11,2,32.8,2399.998,3907.64453125,30.2,215.46783625730995,45.36038052602127,210.7177033492823
2023-12-17 12:55:18,2,32.8,2399.998,3907.64453125,30.2,277.78958190541465,45.36038052602127,271.66552433173405
2023-12-17 12:55:20,2,4.8,2399.998,3907.64453125,30.2,241.67859272510435,45.36038052602127,236.35062611806796
2023-12-17 12:55:22,2,5.0,2399.998,3907.64453125,30.2,265.028608795161,45.36038052602127,259.18587542913195
2023-12-17 12:55:24,2,5.0,2399.998,3907.64453125,30.2,269.7919786986187,45.36038052602127,263.84423364952573
2023-12-17 12:55:26,2,5.5,2399.998,3907.64453125,30.2,273.57070536618295,45.36038052602127,267.53965575430306
2023-12-17 12:55:28,2,5.2,2399.998,3907.64453125,30.2,242.22023009114,45.36038052602127,236.88032272523532
2023-12-17 12:55:33,2,24.7,2399.998,3907.64453125,30.2,249.5658866995074,45.36038052602127,244.064039408867
2023-12-17 12:55:38,2,24.4,2399.998,3907.64453125,30.2,283.3240125830129,45.36038052602127,277.07794477455434
2023-12-17 12:55:43,2,25.6,2399.998,3907.64453125,30.2,252.8353087960075,45.36038052602127,247.2613849033063
2023-12-17 12:55:48,2,24.3,2399.998,3907.64453125,30.2,246.37993920972644,45.36038052602127,240.9483282674772
2023-12-17 12:55:53,2,24.3,2399.998,3907.64453125,30.1,243.6765369006463,45.36038052602127,238.30452427476325
2023-12-17 12:56:00,2,33.8,2399.998,3907.64453125,30.2,211.31126173096976,45.36038052602127,206.65276329509905
2023-12-17 12:56:07,2,33.1,2399.998,3907.64453125,30.2,262.45426582483407,45.36038052602127,256.6682855755221
2023-12-17 12:56:13,2,33.4,2399.998,3907.64453125,30.1,249.1439987705548,45.36038052602127,243.65145228215766
2023-12-17 12:56:20,2,33.8,2399.998,3907.64453125,30.2,252.2452154971215,45.36038052602127,246.684300606815
2023-12-17 12:56:27,2,33.4,2399.998,3907.64453125,30.2,261.81847545219637,45.36038052602127,256.04651162790697
2023-12-17 12:56:29,2,7.6,2399.998,3907.64453125,30.2,240.53115727002967,45.36038052602127,235.22848664688428
2023-12-17 12:56:31,2,7.1,2399.998,3907.64453125,30.2,261.7761989342806,45.36038052602127,256.00516712417243
2023-12-17 12:56:33,2,7.6,2399.998,3907.64453125,30.2,265.5060596134949,45.36038052602127,259.6528005240747
2023-12-17 12:56:35,2,7.4,2399.998,3907.64453125,30.1,262.5392712550607,45.36038052602127,256.75141700404856
2023-12-17 12:56:37,2,10.3,2399.998,3907.64453125,30.2,185.2353747714808,45.36038052602127,181.15173674588667
2023-12-17 12:56:42,2,33.7,2399.998,3907.64453125,30.3,223.48773090708573,45.36038052602127,218.56079404466502
2023-12-17 12:56:47,2,33.6,2399.998,3907.64453125,30.4,249.52747421887025,45.36038052602127,244.02647375711868
2023-12-17 12:56:52,2,33.5,2399.998,3907.64453125,30.1,239.784055613075,45.36038052602127,234.4978553468422
2023-12-17 12:56:57,2,31.8,2399.998,3907.64453125,30.3,253.7455000782595,45.36038052602127,248.15151040851464
2023-12-17 12:57:03,2,33.3,2399.998,3907.64453125,29.4,246.86767169179228,45.36038052602127,241.42530835998173
2023-12-17 12:57:10,2,41.7,2399.998,3907.64453125,29.5,40.66573019615713,45.36038052602127,39.769226910149
2023-12-17 12:57:17,2,41.1,2399.998,3907.64453125,29.5,28.55195491370201,45.36038052602127,27.922507925325817
2023-12-17 12:57:24,2,39.7,2399.998,3907.64453125,29.4,253.0326205712502,45.36038052602127,247.45434680817854
2023-12-17 12:57:31,2,39.8,2399.998,3907.64453125,29.4,250.56877897990725,45.36038052602127,245.04482225656878
2023-12-17 12:57:37,2,42.7,2399.998,3907.64453125,30.4,254.8223828984596,45.36038052602127,249.20465262496072
2023-12-17 12:57:39,2,15.2,2399.998,3907.64453125,30.4,241.60655737704917,45.36038052602127,236.2801788375559
2023-12-17 12:57:42,2,18.4,2399.998,3907.64453125,30.4,251.93162393162393,45.36038052602127,246.37762237762237
2023-12-17 12:57:44,2,21.5,2399.998,3907.64453125,30.4,244.5956547978274,45.36038052602127,239.2033796016898
2023-12-17 12:57:46,2,19.5,2399.998,3907.64453125,30.4,256.84093789607095,45.36038052602127,251.1787072243346
2023-12-17 12:57:48,2,19.5,2399.998,3907.64453125,30.4,259.0572067753276,45.36038052602127,253.34611697027805
2023-12-17 12:57:53,2,33.8,2399.998,3907.64453125,29.4,259.88778454632893,45.36038052602127,254.15838409746715
2023-12-17 12:57:58,2,32.9,2399.998,3907.64453125,29.5,248.11447811447812,45.36038052602127,242.64462809917356
2023-12-17 12:58:03,2,32.4,2399.998,3907.64453125,29.5,245.22462562396007,45.36038052602127,239.81848434427468
2023-12-17 12:58:08,2,31.9,2399.998,3907.64453125,29.5,204.53949028513753,45.36038052602127,200.03028009084028
2023-12-17 12:58:13,2,33.5,2399.998,3907.64453125,29.4,228.33521126760564,45.36038052602127,223.30140845070423
2023-12-17 12:58:20,2,39.3,2399.998,3907.64453125,29.5,216.9383112538472,45.36038052602127,212.15576073865918
2023-12-17 12:58:27,2,40.5,2399.998,3907.64453125,29.4,262.49676165803106,45.36038052602127,256.7098445595855
2023-12-17 12:58:34,2,40.9,2399.998,3907.64453125,29.5,212.16856432404137,45.36038052602127,207.4911660777385
2023-12-17 12:58:41,2,42.0,2399.998,3907.64453125,29.5,255.0629326620516,45.36038052602127,249.43989930774072
2023-12-17 12:58:48,2,40.1,2399.998,3907.64453125,30.3,242.25642558278543,45.36038052602127,236.9157202630006
2023-12-17 12:58:50,2,21.0,2399.998,3907.64453125,30.4,250.06632731759987,45.36038052602127,244.55344747801942
2023-12-17 12:58:53,2,16.6,2399.998,3907.64453125,30.3,232.96163241845093,45.36038052602127,227.82583704555253
2023-12-17 12:58:55,2,17.6,2399.998,3907.64453125,30.4,265.68010488364473,45.36038052602127,259.82300884955754
2023-12-17 12:58:57,2,24.5,2399.998,3907.64453125,30.4,243.16484175791211,45.36038052602127,237.80410979451028
2023-12-17 12:58:59,2,21.6,2399.998,3907.64453125,30.4,242.47382590487587,45.36038052602127,237.12832784923722
2023-12-17 12:59:04,2,34.9,2399.998,3907.64453125,30.4,226.04294478527606,45.36038052602127,221.0596765197992
2023-12-17 12:59:09,2,35.2,2399.998,3907.64453125,30.2,248.22844893584443,45.36038052602127,242.75608635737254
2023-12-17 12:59:14,2,35.8,2399.998,3907.64453125,30.3,251.38471080787718,45.36038052602127,245.84276632035974
2023-12-17 12:59:19,2,35.3,2399.998,3907.64453125,30.3,248.99093841191828,45.36038052602127,243.50176624174475
2023-12-17 12:59:24,2,33.4,2399.998,3907.64453125,29.5,235.84230433517604,45.36038052602127,230.6430026185627
2023-12-17 12:59:31,2,41.5,2399.998,3907.64453125,29.4,267.08072487644154,45.36038052602127,261.19275123558486
2023-12-17 12:59:38,2,43.0,2399.998,3907.64453125,29.5,260.68178163691914,45.36038052602127,254.93487698986976
2023-12-17 12:59:45,2,43.3,2399.998,3907.64453125,29.5,251.26782393056416,45.36038052602127,245.72845629262244
2023-12-17 12:59:52,2,43.6,2399.998,3907.64453125,29.5,241.42665673864482,45.36038052602127,236.1042442293373
2023-12-17 12:59:59,2,42.9,2399.998,3907.64453125,29.5,250.76256767208042,45.36038052602127,245.23433874709977
2023-12-17 13:00:01,2,24.5,2399.998,3907.64453125,29.4,256.51582278481015,45.36038052602127,250.86075949367088
2023-12-17 13:00:04,2,18.9,2399.998,3907.64453125,29.4,248.418633159669,45.36038052602127,242.94207784247624
2023-12-17 13:00:06,2,18.9,2399.998,3907.64453125,29.4,247.73533007334964,45.36038052602127,242.27383863080684
2023-12-17 13:00:08,2,24.6,2399.998,3907.64453125,29.4,247.73533007334964,45.36038052602127,242.27383863080684
2023-12-17 13:00:10,2,24.9,2399.998,3907.64453125,29.5,252.2452154971215,45.36038052602127,246.684300606815
2023-12-17 13:00:15,2,35.5,2399.998,3907.64453125,29.4,242.61897635438493,45.36038052602127,237.27027835977253
2023-12-17 13:00:20,2,36.2,2399.998,3907.64453125,29.4,230.9702236785867,45.36038052602127,225.87833024647387
2023-12-17 13:00:25,2,36.4,2399.998,3907.64453125,29.4,247.20646538578836,45.36038052602127,241.7566331198536
2023-12-17 13:00:30,2,37.1,2399.998,3907.64453125,29.4,174.39543889845095,45.36038052602127,170.55077452667814
2023-12-17 13:00:35,2,36.8,2399.998,3907.64453125,29.5,244.7433574879227,45.36038052602127,239.34782608695653
2023-12-17 13:00:42,2,41.9,2399.998,3907.64453125,29.1,236.84149013878744,45.36038052602127,231.6201607012418
2023-12-17 13:00:49,2,40.1,2399.998,3907.64453125,29.5,249.10571604179472,45.36038052602127,243.6140135218193
2023-12-17 13:00:56,2,42.2,2399.998,3907.64453125,29.5,238.68963486454652,45.36038052602127,233.42756183745584
2023-12-17 13:01:03,2,41.3,2399.998,3907.64453125,29.5,243.60330578512398,45.36038052602127,238.2329075882795
2023-12-17 13:01:10,2,41.4,2399.998,3907.64453125,29.5,246.1181114316077,45.36038052602127,240.6922726582663
2023-12-17 13:01:12,2,28.4,2399.998,3907.64453125,29.4,234.07161420733468,45.36038052602127,228.91134854172682
2023-12-17 13:01:14,2,26.6,2399.998,3907.64453125,29.5,242.07555621920264,45.36038052602127,236.7388382857996
2023-12-17 13:01:16,2,27.0,2399.998,3907.64453125,29.5,236.18589743589743,45.36038052602127,230.979020979021
2023-12-17 13:01:18,2,26.8,2399.998,3907.64453125,29.5,253.07211988760537,45.36038052602127,247.49297533562284
2023-12-17 13:01:21,2,27.3,2399.998,3907.64453125,29.5,269.9267399267399,45.36038052602127,263.97602397602395
2023-12-17 13:01:26,2,35.4,2399.998,3907.64453125,30.3,240.92435725962252,45.36038052602127,235.6130182790905
2023-12-17 13:01:31,2,34.9,2399.998,3907.64453125,29.4,258.4377490833732,45.36038052602127,252.7403156384505
2023-12-17 13:01:36,2,47.3,2399.998,3907.64453125,29.6,175.87112171837708,45.36038052602127,171.9939249294858
2023-12-17 13:01:41,2,53.0,2399.998,3907.64453125,29.7,250.33662754786906,45.36038052602127,244.8177887584929
2023-12-17 13:01:47,2,51.0,2399.998,3907.64453125,29.6,236.28917067482874,45.36038052602127,231.0800174901618
2023-12-17 13:01:54,2,56.2,2399.998,3907.64453125,30.6,231.795824992851,45.36038052602127,226.6857306262511
2023-12-17 13:02:02,2,57.2,2399.998,3907.64453125,29.7,243.4204204204204,45.36038052602127,238.05405405405406
2023-12-17 13:02:09,2,56.1,2399.998,3907.64453125,29.6,268.00793519590013,45.36038052602127,262.09952058191436
2023-12-17 13:02:17,2,57.1,2399.998,3907.64453125,29.7,246.86767169179228,45.36038052602127,241.42530835998173
2023-12-17 13:02:24,2,55.9,2399.998,3907.64453125,29.7,233.73414071510956,45.36038052602127,228.58131487889273
2023-12-17 13:02:26,2,47.4,2399.998,3907.64453125,29.7,264.16490141763074,45.36038052602127,258.3412090598012
2023-12-17 13:02:29,2,47.5,2399.998,3907.64453125,29.7,262.28441999676426,45.36038052602127,256.5021841126031
2023-12-17 13:02:31,2,44.5,2399.998,3907.64453125,29.6,253.8647040400877,45.36038052602127,248.2680864390855
2023-12-17 13:02:33,2,40.7,2399.998,3907.64453125,29.7,250.99551014088868,45.36038052602127,245.46214584300975
2023-12-17 13:02:35,2,34.6,2399.998,3907.64453125,29.7,273.75548801080714,45.36038052602127,267.72036474164133
2023-12-17 13:02:40,2,49.4,2399.998,3907.64453125,30.5,249.02918586789554,45.36038052602127,243.53917050691246
2023-12-17 13:02:45,2,55.0,2399.998,3907.64453125,29.7,243.6399158400962,45.36038052602127,238.26871055004509
2023-12-17 13:02:51,2,53.6,2399.998,3907.64453125,29.6,236.2547362285048,45.36038052602127,231.04634217429322
2023-12-17 13:02:56,2,50.0,2399.998,3907.64453125,30.5,244.5956547978274,45.36038052602127,239.2033796016898
2023-12-17 13:03:01,2,51.0,2399.998,3907.64453125,30.5,243.60330578512398,45.36038052602127,238.2329075882795
2023-12-17 13:03:09,2,58.3,2399.998,3907.64453125,30.0,271.64544235924933,45.36038052602127,265.65683646112603
2023-12-17 13:03:16,2,56.6,2399.998,3907.64453125,29.6,269.34374480810766,45.36038052602127,263.4058813756438
2023-12-17 13:03:24,2,57.5,2399.998,3907.64453125,29.7,249.02918586789554,45.36038052602127,243.53917050691246
2023-12-17 13:03:31,2,59.6,2399.998,3907.64453125,29.7,254.10344827586206,45.36038052602127,248.50156739811914
2023-12-17 13:03:38,2,55.8,2399.998,3907.64453125,29.6,252.44160697601993,45.36038052602127,246.87636250389286
2023-12-17 13:03:40,2,53.2,2399.998,3907.64453125,29.7,243.34734314019815,45.36038052602127,237.98258781146802
2023-12-17 13:03:43,2,51.9,2399.998,3907.64453125,29.7,253.6264080100125,45.36038052602127,248.03504380475596
2023-12-17 13:03:45,2,49.9,2399.998,3907.64453125,29.7,249.95066296638913,45.36038052602127,244.44033302497687
2023-12-17 13:03:47,2,50.2,2399.998,3907.64453125,29.6,257.16687817258884,45.36038052602127,251.497461928934
2023-12-17 13:03:49,2,44.7,2399.998,3907.64453125,29.5,255.54539722572508,45.36038052602127,249.91172761664566
2023-12-17 13:03:54,2,49.0,2399.998,3907.64453125,29.6,238.37376856344656,45.36038052602127,233.11865902073225
2023-12-17 13:04:00,2,50.7,2399.998,3907.64453125,29.6,247.5083969465649,45.36038052602127,242.05190839694657
2023-12-17 13:04:05,2,53.9,2399.998,3907.64453125,29.7,248.22844893584443,45.36038052602127,242.75608635737254
2023-12-17 13:04:10,2,52.0,2399.998,3907.64453125,29.6,244.89123867069486,45.36038052602127,239.49244712990938
2023-12-17 13:04:16,2,49.7,2399.998,3907.64453125,29.7,256.7189231987332,45.36038052602127,251.05938242280286
2023-12-17 13:04:23,2,58.9,2399.998,3907.64453125,29.6,267.2568414111441,45.36038052602127,261.3649851632047
2023-12-17 13:04:30,2,55.4,2399.998,3907.64453125,29.7,267.9193521731945,45.36038052602127,262.0128904313337
2023-12-17 13:04:38,2,58.3,2399.998,3907.64453125,29.6,231.6302328904129,45.36038052602127,226.52378911273038
2023-12-17 13:04:45,2,57.8,2399.998,3907.64453125,29.6,252.44160697601993,45.36038052602127,246.87636250389286
2023-12-17 13:04:53,2,55.8,2399.998,3907.64453125,29.7,240.74547074547075,45.36038052602127,235.43807543807543
2023-12-17 13:04:55,2,52.7,2399.998,3907.64453125,29.7,259.3888,45.36038052602127,253.6704
2023-12-17 13:04:57,2,53.1,2399.998,3907.64453125,29.7,259.5964771817454,45.36038052602127,253.87349879903923
2023-12-17 13:04:59,2,47.7,2399.998,3907.64453125,29.7,204.79787771601818,45.36038052602127,200.28297119757454
2023-12-17 13:05:01,2,43.5,2399.998,3907.64453125,29.6,241.67859272510435,45.36038052602127,236.35062611806796
2023-12-17 13:05:03,2,38.3,2399.998,3907.64453125,29.7,261.1857580151442,45.36038052602127,255.42774287095216
2023-12-17 13:05:09,2,51.9,2399.998,3907.64453125,29.6,254.6222710852835,45.36038052602127,249.00895241086855
2023-12-17 13:05:14,2,55.7,2399.998,3907.64453125,29.6,242.36507699207655,45.36038052602127,237.0219763791299
2023-12-17 13:05:19,2,53.5,2399.998,3907.64453125,29.7,194.73633633633634,45.36038052602127,190.44324324324324
2023-12-17 13:05:24,2,49.8,2399.998,3907.64453125,29.6,214.07368282054668,45.36038052602127,209.35428495972533
2023-12-17 13:05:30,2,54.9,2399.998,3907.64453125,29.7,222.1707551048376,45.36038052602127,217.2728518569275
2023-12-17 13:05:37,2,58.7,2399.998,3907.64453125,29.7,241.89495672933452,45.36038052602127,236.56222023276635
2023-12-17 13:05:45,2,56.7,2399.998,3907.64453125,29.6,266.4661406969099,45.36038052602127,260.5917159763314
2023-12-17 13:05:52,2,58.5,2399.998,3907.64453125,29.7,258.80906768837804,45.36038052602127,253.10344827586206
2023-12-17 13:06:00,2,59.1,2399.998,3907.64453125,29.6,83.3897433259606,45.36038052602127,81.55136052672188
2023-12-17 13:06:07,2,58.5,2399.998,3907.64453125,29.7,254.50235478806908,45.36038052602127,248.8916797488226
2023-12-17 13:06:09,2,41.8,2399.998,3907.64453125,29.7,247.1310975609756,45.36038052602127,241.6829268292683
2023-12-17 13:06:11,2,42.4,2399.998,3907.64453125,29.7,229.954609929078,45.36038052602127,224.88510638297873
2023-12-17 13:06:14,2,39.2,2399.998,3907.64453125,29.7,250.84016710505958,45.36038052602127,245.3102274485533
2023-12-17 13:06:16,2,46.2,2399.998,3907.64453125,29.7,252.79588336192108,45.36038052602127,247.22282862934665
2023-12-17 13:06:18,2,53.2,2399.998,3907.64453125,29.6,246.7925102755366,45.36038052602127,241.35180392753844
2023-12-17 13:06:23,2,58.0,2399.998,3907.64453125,29.7,247.16877572800732,45.36038052602127,241.71977435584694
2023-12-17 13:06:28,2,53.3,2399.998,3907.64453125,29.7,249.52747421887025,45.36038052602127,244.02647375711868
2023-12-17 13:06:34,2,50.3,2399.998,3907.64453125,29.7,240.49547544874648,45.36038052602127,235.1935914552737
2023-12-17 13:06:39,2,55.4,2399.998,3907.64453125,29.6,245.7077902394665,45.36038052602127,240.29099727190058
2023-12-17 13:06:44,2,54.2,2399.998,3907.64453125,30.5,249.52747421887025,45.36038052602127,244.02647375711868
2023-12-17 13:06:52,2,56.4,2399.998,3907.64453125,29.6,250.25933930225378,45.36038052602127,244.74220438406917
2023-12-17 13:06:59,2,58.7,2399.998,3907.64453125,29.7,253.7057902973396,45.36038052602127,248.11267605633802
2023-12-17 13:07:07,2,58.9,2399.998,3907.64453125,29.6,254.5822864321608,45.36038052602127,248.96984924623115
2023-12-17 13:07:15,2,69.0,2399.998,3907.64453125,30.3,38.117608332745526,45.36038052602127,37.27728010157297
2023-12-17 13:07:23,2,72.2,2399.998,3907.64453125,29.9,269.4780585106383,45.36038052602127,263.53723404255317
2023-12-17 13:07:25,2,58.9,2399.998,3907.64453125,29.9,256.84093789607095,45.36038052602127,251.1787072243346
2023-12-17 13:07:28,2,53.5,2399.998,3907.64453125,29.9,260.9755312298777,45.36038052602127,255.22215067611074
2023-12-17 13:07:30,2,53.0,2399.998,3907.64453125,29.8,251.26782393056416,45.36038052602127,245.72845629262244
2023-12-17 13:07:32,2,61.7,2399.998,3907.64453125,29.9,266.42235004108466,45.36038052602127,260.54889071487264
2023-12-17 13:07:34,2,67.8,2399.998,3907.64453125,29.9,275.33627717391306,45.36038052602127,269.26630434782606
2023-12-17 13:07:40,2,69.9,2399.998,3907.64453125,29.8,260.09626183218353,45.36038052602127,254.36226536178404
2023-12-17 13:07:46,2,65.5,2399.998,3907.64453125,29.8,203.99899333081666,45.36038052602127,199.5016987542469
2023-12-17 13:07:52,2,67.8,2399.998,3907.64453125,29.9,172.87054809127747,45.36038052602127,169.0595009596929
2023-12-17 13:07:58,2,70.2,2399.998,3907.64453125,30.1,17.943530088877576,45.36038052602127,17.547952938051335
2023-12-17 13:08:04,2,73.2,2399.998,3907.64453125,30.2,245.07634164777022,45.36038052602127,239.6734693877551
2023-12-17 13:08:13,2,75.8,2399.998,3907.64453125,30.1,211.33880849954375,45.36038052602127,206.67970277669144
2023-12-17 13:08:22,2,74.6,2399.998,3907.64453125,30.1,247.01813195185127,45.36038052602127,241.5724516227335
2023-12-17 13:08:31,2,75.6,2399.998,3907.64453125,30.0,266.42235004108466,45.36038052602127,260.54889071487264
2023-12-17 13:08:40,2,73.9,2399.998,3907.64453125,30.0,257.24849254205014,45.36038052602127,251.5772770549032
2023-12-17 13:08:49,2,72.9,2399.998,3907.64453125,30.1,260.8915352429997,45.36038052602127,255.14000643707757
2023-12-17 13:08:51,2,66.2,2399.998,3907.64453125,30.1,260.76564259289046,45.36038052602127,255.0168891748432
2023-12-17 13:08:53,2,72.9,2399.998,3907.64453125,30.0,246.4173886608907,45.36038052602127,240.98495212038304
2023-12-17 13:08:55,2,79.1,2399.998,3907.64453125,30.0,259.7212431912848,45.36038052602127,253.99551425825055
2023-12-17 13:08:57,2,79.3,2399.998,3907.64453125,30.1,265.15865227347075,45.36038052602127,259.3130520117763
2023-12-17 13:09:00,2,74.9,2399.998,3907.64453125,30.1,251.93162393162393,45.36038052602127,246.37762237762237
2023-12-17 13:09:06,2,72.5,2399.998,3907.64453125,30.1,240.92435725962252,45.36038052602127,235.6130182790905
2023-12-17 13:09:12,2,71.2,2399.998,3907.64453125,30.1,258.80906768837804,45.36038052602127,253.10344827586206
2023-12-17 13:09:18,2,71.6,2399.998,3907.64453125,30.1,267.9193521731945,45.36038052602127,262.0128904313337
2023-12-17 13:09:24,2,69.5,2399.998,3907.64453125,30.4,250.14349637401637,45.36038052602127,244.6289152908502
2023-12-17 13:09:30,2,69.1,2399.998,3907.64453125,30.1,252.16674443925962,45.36038052602127,246.6075594960336
2023-12-17 13:09:39,2,72.4,2399.998,3907.64453125,30.0,239.74859509021,45.36038052602127,234.4631765749778
2023-12-17 13:09:48,2,72.6,2399.998,3907.64453125,30.1,238.6193700323815,45.36038052602127,233.3588460406241
2023-12-17 13:09:57,2,73.2,2399.998,3907.64453125,30.1,242.40131578947367,45.36038052602127,237.05741626794259
2023-12-17 13:10:06,2,73.3,2399.998,3907.64453125,30.1,242.25642558278543,45.36038052602127,236.9157202630006
2023-12-17 13:10:15,2,72.9,2399.998,3907.64453125,30.1,249.1439987705548,45.36038052602127,243.65145228215766
2023-12-17 13:10:17,2,58.8,2399.998,3907.64453125,30.1,263.3923639317628,45.36038052602127,257.5857026807474
2023-12-17 13:10:19,2,62.2,2399.998,3907.64453125,30.1,236.01397583345465,45.36038052602127,230.81088950356676
2023-12-17 13:10:21,2,70.9,2399.998,3907.64453125,30.1,239.18264974918856,45.36038052602127,233.90970787843023
2023-12-17 13:10:24,2,75.9,2399.998,3907.64453125,30.1,269.43327239488116,45.36038052602127,263.4934352667442
2023-12-17 13:10:26,2,78.9,2399.998,3907.64453125,30.2,272.9259259259259,45.36038052602127,266.90909090909093
2023-12-17 13:10:32,2,75.2,2399.998,3907.64453125,31.0,255.6662986910582,45.36038052602127,250.0299637281186
2023-12-17 13:10:38,2,74.3,2399.998,3907.64453125,31.1,255.46485975417585,45.36038052602127,249.83296564765206
2023-12-17 13:10:44,2,74.5,2399.998,3907.64453125,31.0,257.65734265734267,45.36038052602127,251.97711379529562
2023-12-17 13:10:50,2,75.4,2399.998,3907.64453125,30.0,270.7381429525718,45.36038052602127,264.7695390781563
2023-12-17 13:10:56,2,75.5,2399.998,3907.64453125,30.0,267.78658738024444,45.36038052602127,261.88305252725473
2023-12-17 13:11:05,2,76.7,2399.998,3907.64453125,30.1,268.1409196162752,45.36038052602127,262.2295732715845
2023-12-17 13:11:14,2,76.2,2399.998,3907.64453125,30.1,252.44160697601993,45.36038052602127,246.87636250389286
2023-12-17 13:11:23,2,76.1,2399.998,3907.64453125,30.1,268.05224867724866,45.36038052602127,262.14285714285717
2023-12-17 13:11:31,2,74.7,2399.998,3907.64453125,30.1,249.5658866995074,45.36038052602127,244.064039408867
2023-12-17 13:11:41,2,73.3,2399.998,3907.64453125,30.0,253.07211988760537,45.36038052602127,247.49297533562284
2023-12-17 13:11:43,2,76.3,2399.998,3907.64453125,30.1,272.4672268907563,45.36038052602127,266.4605042016807
2023-12-17 13:11:45,2,78.8,2399.998,3907.64453125,30.1,245.74503562225254,45.36038052602127,240.32742155525239
2023-12-17 13:11:47,2,79.1,2399.998,3907.64453125,30.0,268.58515573227305,45.36038052602127,262.6640159045726
2023-12-17 13:11:49,2,78.3,2399.998,3907.64453125,30.1,265.8543784847491,45.36038052602127,259.993440472286
2023-12-17 13:11:51,2,69.9,2399.998,3907.64453125,30.1,243.38387629485064,45.36038052602127,238.018315568233
2023-12-17 13:11:57,2,71.5,2399.998,3907.64453125,30.0,177.95609220636663,45.36038052602127,174.03293084522502
2023-12-17 13:12:04,2,70.1,2399.998,3907.64453125,30.1,245.00226688831796,45.36038052602127,239.60102765603747
2023-12-17 13:12:10,2,69.2,2399.998,3907.64453125,30.1,250.10490589324283,45.36038052602127,244.5911755630978
2023-12-17 13:12:16,2,71.0,2399.998,3907.64453125,30.0,216.73529411764707,45.36038052602127,211.9572192513369
2023-12-17 13:12:22,2,71.7,2399.998,3907.64453125,30.1,249.95066296638913,45.36038052602127,244.44033302497687
2023-12-17 13:12:31,2,75.3,2399.998,3907.64453125,30.1,247.81106695200245,45.36038052602127,242.34790583919292
2023-12-17 13:12:40,2,75.6,2399.998,3907.64453125,30.1,40.970962116808614,45.36038052602127,40.06772978847077
2023-12-17 13:12:49,2,76.4,2399.998,3907.64453125,30.0,247.244166539576,45.36038052602127,241.79350312642978
2023-12-17 13:12:58,2,76.4,2399.998,3907.64453125,29.4,240.67399049881234,45.36038052602127,235.36817102137766
2023-12-17 13:13:07,2,71.8,2399.998,3907.64453125,29.4,270.46713380046714,45.36038052602127,264.5045045045045
2023-12-17 13:13:09,2,64.2,2399.998,3907.64453125,29.4,255.62598549353515,45.36038052602127,249.99053926206244
2023-12-17 13:13:11,2,62.1,2399.998,3907.64453125,29.5,265.63657217761755,45.36038052602127,259.7804358512207
2023-12-17 13:13:13,2,71.2,2399.998,3907.64453125,29.5,189.5895216933692,45.36038052602127,185.4098935796983
2023-12-17 13:13:15,2,81.9,2399.998,3907.64453125,29.6,258.23192099394714,45.36038052602127,252.5390251672507
2023-12-17 13:13:17,2,87.5,2399.998,3907.64453125,29.7,261.6916868442292,45.36038052602127,255.9225181598063
2023-12-17 13:13:24,2,86.5,2399.998,3907.64453125,29.7,252.8353087960075,45.36038052602127,247.2613849033063
2023-12-17 13:13:31,2,88.1,2399.998,3907.64453125,31.1,234.17304636718185,45.36038052602127,229.01054456160625
2023-12-17 13:13:38,2,83.9,2399.998,3907.64453125,30.9,245.15046121276274,45.36038052602127,239.74595493724482
2023-12-17 13:13:45,2,83.2,2399.998,3907.64453125,30.9,243.2013201320132,45.36038052602127,237.83978397839783
2023-12-17 13:13:52,2,82.6,2399.998,3907.64453125,30.8,256.51582278481015,45.36038052602127,250.86075949367088
2023-12-17 13:14:02,2,85.3,2399.998,3907.64453125,30.6,226.4217877094972,45.36038052602127,221.43016759776538
2023-12-17 13:14:13,2,86.9,2399.998,3907.64453125,30.3,247.20646538578836,45.36038052602127,241.7566331198536
2023-12-17 13:14:24,2,86.5,2399.998,3907.64453125,30.3,17.935589507572825,45.36038052602127,17.540187412185112
2023-12-17 13:14:34,2,86.4,2399.998,3907.64453125,30.4,272.0557140459809,45.36038052602127,266.058063433462
2023-12-17 13:14:45,2,85.1,2399.998,3907.64453125,30.4,271.59993298710003,45.36038052602127,265.61233037359693
2023-12-17 13:14:47,2,82.9,2399.998,3907.64453125,30.4,244.19039011899383,45.36038052602127,238.8070492544058
2023-12-17 13:14:49,2,76.8,2399.998,3907.64453125,30.4,242.9462011089465,45.36038052602127,237.59028922523603
2023-12-17 13:14:51,2,76.6,2399.998,3907.64453125,30.4,251.54072924747865,45.36038052602127,245.99534522885958
2023-12-17 13:14:53,2,85.8,2399.998,3907.64453125,30.4,266.1162179908076,45.36038052602127,260.2495075508864
2023-12-17 13:14:55,2,87.9,2399.998,3907.64453125,30.4,249.8351055632609,45.36038052602127,244.3273231622746
2023-12-17 13:15:02,2,86.2,2399.998,3907.64453125,30.3,253.07211988760537,45.36038052602127,247.49297533562284
2023-12-17 13:15:09,2,85.9,2399.998,3907.64453125,30.4,271.00969575392844,45.36038052602127,265.0351053159478
2023-12-17 13:15:16,2,84.2,2399.998,3907.64453125,30.3,250.37528957528957,45.36038052602127,244.85559845559845
2023-12-17 13:15:23,2,82.6,2399.998,3907.64453125,30.3,28.30222936052094,45.36038052602127,27.678287739390026
2023-12-17 13:15:29,2,85.6,2399.998,3907.64453125,30.3,244.0433539063676,45.36038052602127,238.66325455366552
2023-12-17 13:15:40,2,88.0,2399.998,3907.64453125,31.2,276.51031894934334,45.36038052602127,270.4144635851953
2023-12-17 13:15:52,2,87.8,2399.998,3907.64453125,30.4,178.85922330097088,45.36038052602127,174.91615180935568
2023-12-17 13:16:05,2,89.6,2399.998,3907.64453125,31.3,255.42461005199306,45.36038052602127,249.7936032771388
2023-12-17 13:16:17,2,88.7,2399.998,3907.64453125,30.5,254.8223828984596,45.36038052602127,249.20465262496072
2023-12-17 13:16:30,2,89.3,2399.998,3907.64453125,30.5,210.2697795071336,45.36038052602127,205.6342412451362
2023-12-17 13:16:32,2,91.0,2399.998,3907.64453125,30.6,253.6264080100125,45.36038052602127,248.03504380475596
2023-12-17 13:16:34,2,90.1,2399.998,3907.64453125,30.6,253.66609294320136,45.36038052602127,248.07385385698637
2023-12-17 13:16:36,2,90.8,2399.998,3907.64453125,30.6,261.81847545219637,45.36038052602127,256.04651162790697
2023-12-17 13:16:38,2,87.1,2399.998,3907.64453125,30.5,256.5564171546131,45.36038052602127,250.90045893337555
2023-12-17 13:16:41,2,81.4,2399.998,3907.64453125,30.6,187.33302519066328,45.36038052602127,183.20314305523456
2023-12-17 13:16:50,2,92.6,2399.998,3907.64453125,30.7,246.49232172723126,45.36038052602127,241.05823323703817
2023-12-17 13:16:59,2,90.3,2399.998,3907.64453125,30.8,253.3489607751211,45.36038052602127,247.76371308016877
2023-12-17 13:17:07,2,90.1,2399.998,3907.64453125,30.8,265.7672131147541,45.36038052602127,259.90819672131147
2023-12-17 13:17:16,2,92.1,2399.998,3907.64453125,30.8,177.1200699224298,45.36038052602127,173.21533923303835
2023-12-17 13:17:25,2,91.9,2399.998,3907.64453125,30.8,266.81698485845953,45.36038052602127,260.9348255431205
2023-12-17 13:17:39,2,91.5,2399.998,3907.64453125,30.8,266.50994575045206,45.36038052602127,260.6345553180996
2023-12-17 13:17:53,2,92.8,2399.998,3907.64453125,30.8,256.31304347826085,45.36038052602127,250.66245059288536
2023-12-17 13:18:07,2,92.8,2399.998,3907.64453125,30.8,268.80782623113913,45.36038052602127,262.8817774830045
2023-12-17 13:18:22,2,92.8,2399.998,3907.64453125,31.6,276.93542876665526,45.36038052602127,270.830201571575
2023-12-17 13:18:36,2,92.5,2399.998,3907.64453125,30.8,246.04340567612687,45.36038052602127,240.61921384125057
2023-12-17 13:18:38,2,84.1,2399.998,3907.64453125,30.9,266.33481189420075,45.36038052602127,260.46328240512565
2023-12-17 13:18:40,2,91.2,2399.998,3907.64453125,30.9,262.41178374878604,45.36038052602127,256.6267400453221
2023-12-17 13:18:42,2,92.9,2399.998,3907.64453125,30.9,258.1496815286624,45.36038052602127,252.45859872611464
2023-12-17 13:18:44,2,93.1,2399.998,3907.64453125,30.9,253.7852222917971,45.36038052602127,248.19035691922355
2023-12-17 13:18:47,2,93.2,2399.998,3907.64453125,30.9,268.1852770885029,45.36038052602127,262.27295285359804
2023-12-17 13:18:55,2,91.9,2399.998,3907.64453125,30.3,246.98049969530774,45.36038052602127,241.53564899451553
2023-12-17 13:19:03,2,90.6,2399.998,3907.64453125,30.2,263.43516412089696,45.36038052602127,257.62755931101725
2023-12-17 13:19:12,2,91.9,2399.998,3907.64453125,30.2,257.49364675984754,45.36038052602127,251.81702668360865
2023-12-17 13:19:20,2,92.1,2399.998,3907.64453125,30.3,230.7729537366548,45.36038052602127,225.68540925266905
2023-12-17 13:19:28,2,91.3,2399.998,3907.64453125,30.1,251.18995971490548,45.36038052602127,245.65230864580104
2023-12-17 13:19:44,2,93.6,2399.998,3907.64453125,30.3,193.99066650711978,45.36038052602127,189.71401220533684
2023-12-17 13:19:59,2,94.6,2399.998,3907.64453125,30.5,275.1026641778381,45.36038052602127,269.03784150687255
2023-12-17 13:20:15,2,95.1,2399.998,3907.64453125,30.4,270.0616358487423,45.36038052602127,264.1079460269865
2023-12-17 13:20:31,2,93.9,2399.998,3907.64453125,30.4,268.00793519590013,45.36038052602127,262.09952058191436
2023-12-17 13:20:46,2,94.7,2399.998,3907.64453125,30.5,271.46349631614197,45.36038052602127,265.47890154052243
2023-12-17 13:20:48,2,95.5,2399.998,3907.64453125,30.4,248.07651109410864,45.36038052602127,242.60749808722264
2023-12-17 13:20:50,2,95.0,2399.998,3907.64453125,30.4,260.8915352429997,45.36038052602127,255.14000643707757
2023-12-17 13:20:52,2,94.8,2399.998,3907.64453125,30.4,274.49712157128346,45.36038052602127,268.4456484930579
2023-12-17 13:20:54,2,95.5,2399.998,3907.64453125,30.4,252.36301369863014,45.36038052602127,246.79950186799502
2023-12-17 13:20:56,2,95.3,2399.998,3907.64453125,30.5,253.38855892466395,45.36038052602127,247.80243826195687
2023-12-17 13:21:06,2,94.6,2399.998,3907.64453125,30.5,236.15149308084486,45.36038052602127,230.9453750910415
2023-12-17 13:21:15,2,93.9,2399.998,3907.64453125,30.4,261.01754950893576,45.36038052602127,255.26324263403637
2023-12-17 13:21:25,2,94.7,2399.998,3907.64453125,30.4,263.00778715120055,45.36038052602127,257.2096041531473
2023-12-17 13:21:34,2,93.5,2399.998,3907.64453125,30.6,272.42144177449165,45.36038052602127,266.41572844900014
2023-12-17 13:21:43,2,94.4,2399.998,3907.64453125,30.4,261.5650209745079,45.36038052602127,255.79864472410455
2023-12-17 13:21:59,2,94.8,2399.998,3907.64453125,30.5,275.75778193570335,45.36038052602127,269.6785167545501
2023-12-17 13:22:15,2,94.1,2399.998,3907.64453125,30.4,18.04077363067815,45.36038052602127,17.643052680777192
2023-12-17 13:22:30,2,94.9,2399.998,3907.64453125,30.5,282.0915260135723,45.36038052602127,275.87262919784234
2023-12-17 13:22:48,2,97.0,2399.998,3907.64453125,30.6,182.15505617977527,45.36038052602127,178.13932584269662
2023-12-17 13:23:07,2,97.4,2399.998,3907.64453125,31.5,264.855415781735,45.36038052602127,259.016500571802
Timestamp,No of CPUs,CPU Utilization (%),CPU Frequency (Mhz),Memory (MB),Memory Utilization (%),Compression Speed (MB/s),Compression Ratio,Packet size difference rate
2023-12-17 14:12:32,4,5.7,2399.998,7933.1484375,13.4,129.97514631604264,45.36038052602127,127.10975707528262
2023-12-17 14:12:34,4,0.6,2399.998,7933.1484375,13.5,259.7628585162634,45.36038052602127,254.03621214548951
2023-12-17 14:12:36,4,0.8,2399.998,7933.1484375,13.4,290.48199247446695,45.36038052602127,284.0781222003225
2023-12-17 14:12:39,4,0.9,2399.998,7933.1484375,13.4,252.4023042192122,45.36038052602127,246.837926202709
2023-12-17 14:12:41,4,0.7,2399.998,7933.1484375,13.4,264.20795306388527,45.36038052602127,258.3833116036506
2023-12-17 14:12:46,4,7.8,2399.998,7933.1484375,13.5,249.6811951332204,45.36038052602127,244.1768057908517
2023-12-17 14:12:51,4,6.7,2399.998,7933.1484375,13.5,238.86547811993518,45.36038052602127,233.5995285103875
2023-12-17 14:12:56,4,6.2,2399.998,7933.1484375,13.5,167.3389760528489,45.36038052602127,163.64987613542527
2023-12-17 14:13:01,4,6.1,2399.998,7933.1484375,13.5,253.90446358653094,45.36038052602127,248.3069694596711
2023-12-17 14:13:06,4,5.6,2399.998,7933.1484375,13.6,267.83082768874937,45.36038052602127,261.92631752849826
2023-12-17 14:13:13,4,6.9,2399.998,7933.1484375,13.5,260.0128307939054,45.36038052602127,254.28067361668002
2023-12-17 14:13:20,4,7.7,2399.998,7933.1484375,13.5,250.56877897990725,45.36038052602127,245.04482225656878
2023-12-17 14:13:27,4,9.9,2399.998,7933.1484375,13.6,176.08124253285544,45.36038052602127,172.19941348973606
2023-12-17 14:13:34,4,10.5,2399.998,7933.1484375,13.7,250.64625850340136,45.36038052602127,245.12059369202225
2023-12-17 14:13:41,4,6.7,2399.998,7933.1484375,13.6,265.72365186035074,45.36038052602127,259.8655958039666
2023-12-17 14:13:50,4,13.1,2399.998,7933.1484375,13.8,250.9178145797864,45.36038052602127,245.386163132642
2023-12-17 14:13:59,4,12.7,2399.998,7933.1484375,13.8,196.84069936862554,45.36038052602127,192.5012141816416
2023-12-17 14:14:07,4,8.3,2399.998,7933.1484375,13.9,249.4123076923077,45.36038052602127,243.91384615384615
2023-12-17 14:14:16,4,13.4,2399.998,7933.1484375,14.0,277.1247863247863,45.36038052602127,271.0153846153846
2023-12-17 14:14:25,4,12.7,2399.998,7933.1484375,14.1,272.6046746258618,45.36038052602127,266.5949218093156
2023-12-17 14:14:36,4,14.5,2399.998,7933.1484375,14.1,265.1152902698283,45.36038052602127,259.27064595257565
2023-12-17 14:14:46,4,8.2,2399.998,7933.1484375,14.2,243.74981205833708,45.36038052602127,238.37618403247632
2023-12-17 14:14:57,4,12.2,2399.998,7933.1484375,14.2,256.7189231987332,45.36038052602127,251.05938242280286
2023-12-17 14:15:08,4,11.7,2399.998,7933.1484375,14.2,258.06749442852595,45.36038052602127,252.378223495702
2023-12-17 14:15:18,4,12.0,2399.998,7933.1484375,14.3,278.9846842195835,45.36038052602127,272.8342798141456
2023-12-17 14:15:31,4,15.0,2399.998,7933.1484375,14.2,264.6392425726412,45.36038052602127,258.8050930460333
2023-12-17 14:15:44,4,14.9,2399.998,7933.1484375,14.2,264.7256694970607,45.36038052602127,258.8896146309602
2023-12-17 14:15:56,4,16.2,2399.998,7933.1484375,14.2,258.9744408945687,45.36038052602127,253.26517571884983
2023-12-17 14:16:09,4,14.1,2399.998,7933.1484375,14.1,258.273060379162,45.36038052602127,252.57925760713718
2023-12-17 14:16:21,4,11.2,2399.998,7933.1484375,14.1,251.77512036030438,45.36038052602127,246.22456903245845
2023-12-17 14:16:36,4,14.9,2399.998,7933.1484375,13.9,252.3237354085603,45.36038052602127,246.76108949416343
2023-12-17 14:16:50,4,10.3,2399.998,7933.1484375,14.0,246.7925102755366,45.36038052602127,241.35180392753844
2023-12-17 14:17:04,4,16.6,2399.998,7933.1484375,14.1,263.9928350431526,45.36038052602127,258.17293600390815
2023-12-17 14:17:19,4,15.1,2399.998,7933.1484375,14.0,270.51226430835976,45.36038052602127,264.54864008009343
2023-12-17 14:17:33,4,11.6,2399.998,7933.1484375,13.6,264.2940984675579,45.36038052602127,258.4675578741441
2023-12-17 14:17:35,4,4.9,2399.998,7933.1484375,13.7,252.99313358302123,45.36038052602127,247.41573033707866
2023-12-17 14:17:37,4,5.2,2399.998,7933.1484375,13.7,273.66306549628626,45.36038052602127,267.6299797434166
2023-12-17 14:17:40,4,9.7,2399.998,7933.1484375,13.7,181.01607860652078,45.36038052602127,177.0254577936579
2023-12-17 14:17:42,4,18.9,2399.998,7933.1484375,13.7,187.6800185228062,45.36038052602127,183.54248668673304
2023-12-17 14:17:44,4,13.9,2399.998,7933.1484375,13.8,261.7339360671618,45.36038052602127,255.96383597029384
2023-12-17 14:17:49,4,16.3,2399.998,7933.1484375,13.8,252.2059738643435,45.36038052602127,246.64592408214062
2023-12-17 14:17:54,4,17.6,2399.998,7933.1484375,13.7,248.00061190148386,45.36038052602127,242.53327214318494
2023-12-17 14:17:59,4,16.8,2399.998,7933.1484375,13.6,261.9877181641888,45.36038052602127,256.2120232708468
2023-12-17 14:18:04,4,16.5,2399.998,7933.1484375,13.7,257.0445536705248,45.36038052602127,251.37783415252895
2023-12-17 14:18:09,4,17.0,2399.998,7933.1484375,13.7,260.30507385998715,45.36038052602127,254.5664739884393
2023-12-17 14:18:16,4,19.0,2399.998,7933.1484375,13.7,252.79588336192108,45.36038052602127,247.22282862934665
2023-12-17 14:18:23,4,19.6,2399.998,7933.1484375,13.7,249.5658866995074,45.36038052602127,244.064039408867
2023-12-17 14:18:30,4,18.5,2399.998,7933.1484375,13.7,261.01754950893576,45.36038052602127,255.26324263403637
2023-12-17 14:18:37,4,17.2,2399.998,7933.1484375,13.7,251.7360248447205,45.36038052602127,246.1863354037267
2023-12-17 14:18:44,4,17.7,2399.998,7933.1484375,13.6,244.26397468735874,45.36038052602127,238.87901160162724
2023-12-17 14:18:53,4,20.6,2399.998,7933.1484375,13.7,264.5528720626632,45.36038052602127,258.7206266318538
2023-12-17 14:19:02,4,18.7,2399.998,7933.1484375,13.6,251.11214374225526,45.36038052602127,245.57620817843866
2023-12-17 14:19:11,4,20.7,2399.998,7933.1484375,13.7,275.52345343303875,45.36038052602127,269.44935418082935
2023-12-17 14:19:20,4,21.7,2399.998,7933.1484375,13.7,254.70227808326788,45.36038052602127,249.08719560094266
2023-12-17 14:19:29,4,19.1,2399.998,7933.1484375,13.8,260.2215088282504,45.36038052602127,254.48475120385234
2023-12-17 14:19:39,4,18.7,2399.998,7933.1484375,13.8,250.7237859573152,45.36038052602127,245.19641200123723
2023-12-17 14:19:50,4,19.3,2399.998,7933.1484375,13.7,262.96512570965126,45.36038052602127,257.1678832116788
2023-12-17 14:20:01,4,22.4,2399.998,7933.1484375,13.7,235.49970947123765,45.36038052602127,230.30796048808833
2023-12-17 14:20:11,4,20.7,2399.998,7933.1484375,13.7,261.86076562752385,45.36038052602127,256.08786948796643
2023-12-17 14:20:22,4,21.8,2399.998,7933.1484375,13.7,250.64625850340136,45.36038052602127,245.12059369202225
2023-12-17 14:20:34,4,20.9,2399.998,7933.1484375,13.7,262.5392712550607,45.36038052602127,256.75141700404856
2023-12-17 14:20:47,4,29.1,2399.998,7933.1484375,13.7,250.1820987654321,45.36038052602127,244.66666666666666
2023-12-17 14:21:00,4,30.1,2399.998,7933.1484375,13.8,259.4718309859155,45.36038052602127,253.7516005121639
2023-12-17 14:21:13,4,44.4,2399.998,7933.1484375,13.8,17.895004084155683,45.36038052602127,17.500496721637194
2023-12-17 14:21:25,4,29.7,2399.998,7933.1484375,13.7,247.3950862200519,45.36038052602127,241.9410956813673
2023-12-17 14:21:40,4,31.3,2399.998,7933.1484375,13.2,193.27372436814497,45.36038052602127,189.0128755364807
2023-12-17 14:21:54,4,30.1,2399.998,7933.1484375,13.1,241.7146265096168,45.36038052602127,236.38586551364247
2023-12-17 14:22:09,4,29.5,2399.998,7933.1484375,13.1,248.03855569155448,45.36038052602127,242.57037943696452
2023-12-17 14:22:24,4,29.8,2399.998,7933.1484375,13.1,193.57373134328358,45.36038052602127,189.3062686567164
2023-12-17 14:22:38,4,30.2,2399.998,7933.1484375,13.1,236.8068945369559,45.36038052602127,231.5863277826468
2023-12-17 14:22:40,4,21.2,2399.998,7933.1484375,13.1,245.7077902394665,45.36038052602127,240.29099727190058
2023-12-17 14:22:43,4,20.6,2399.998,7933.1484375,13.1,251.54072924747865,45.36038052602127,245.99534522885958
2023-12-17 14:22:45,4,21.1,2399.998,7933.1484375,13.1,254.6222710852835,45.36038052602127,249.00895241086855
2023-12-17 14:22:47,4,17.4,2399.998,7933.1484375,13.1,195.46419098143235,45.36038052602127,191.155051844707
2023-12-17 14:22:49,4,17.0,2399.998,7933.1484375,13.1,257.98535964353914,45.36038052602127,252.29789942711648
2023-12-17 14:22:54,4,25.6,2399.998,7933.1484375,14.3,248.45670498084291,45.36038052602127,242.97931034482758
2023-12-17 14:22:59,4,33.2,2399.998,7933.1484375,14.4,245.5589215389276,45.36038052602127,240.14541048167223
2023-12-17 14:23:04,4,36.9,2399.998,7933.1484375,13.4,253.90446358653094,45.36038052602127,248.3069694596711
2023-12-17 14:23:09,4,38.5,2399.998,7933.1484375,13.2,257.8212468193384,45.36038052602127,252.13740458015266
2023-12-17 14:23:14,4,37.5,2399.998,7933.1484375,13.8,255.82767871232446,45.36038052602127,250.1877860186208
2023-12-17 14:23:21,4,20.0,2399.998,7933.1484375,13.4,261.7339360671618,45.36038052602127,255.96383597029384
2023-12-17 14:23:28,4,20.0,2399.998,7933.1484375,13.5,242.69161676646706,45.36038052602127,237.34131736526948
2023-12-17 14:23:35,4,26.8,2399.998,7933.1484375,13.6,190.7270588235294,45.36038052602127,186.52235294117648
2023-12-17 14:23:42,4,26.2,2399.998,7933.1484375,13.7,238.7951097363382,45.36038052602127,233.53071144498455
2023-12-17 14:23:49,4,28.4,2399.998,7933.1484375,13.7,252.63830450366214,45.36038052602127,247.06872370266478
2023-12-17 14:23:58,4,28.1,2399.998,7933.1484375,13.6,181.11719360965256,45.36038052602127,177.12434364875432
2023-12-17 14:24:07,4,29.2,2399.998,7933.1484375,13.7,260.597974602154,45.36038052602127,254.8529175373734
2023-12-17 14:24:16,4,28.5,2399.998,7933.1484375,13.7,265.7672131147541,45.36038052602127,259.90819672131147
2023-12-17 14:24:25,4,29.3,2399.998,7933.1484375,13.7,198.99103964649564,45.36038052602127,194.6041487664171
2023-12-17 14:24:35,4,25.8,2399.998,7933.1484375,13.5,213.81957267211817,45.36038052602127,209.10577683988393
2023-12-17 14:24:46,4,32.3,2399.998,7933.1484375,13.5,244.4849947217614,45.36038052602127,239.09515910119137
2023-12-17 14:24:57,4,32.3,2399.998,7933.1484375,13.6,243.27430972388956,45.36038052602127,237.91116446578633
2023-12-17 14:25:08,4,31.0,2399.998,7933.1484375,13.6,258.3142128744423,45.36038052602127,252.61950286806882
2023-12-17 14:25:19,4,29.0,2399.998,7933.1484375,13.7,249.06744507604856,45.36038052602127,243.5765862651713
2023-12-17 14:25:30,4,30.8,2399.998,7933.1484375,13.4,243.93319289798376,45.36038052602127,238.55552211856755
2023-12-17 14:25:43,4,30.3,2399.998,7933.1484375,13.5,26.90040819035609,45.36038052602127,26.30737065675505
2023-12-17 14:25:56,4,32.1,2399.998,7933.1484375,13.5,250.99551014088868,45.36038052602127,245.46214584300975
2023-12-17 14:26:09,4,30.5,2399.998,7933.1484375,13.6,247.96267971856838,45.36038052602127,242.49617620067298
2023-12-17 14:26:23,4,30.2,2399.998,7933.1484375,13.4,254.4224733207784,45.36038052602127,248.8135593220339
2023-12-17 14:26:36,4,29.9,2399.998,7933.1484375,13.5,198.82021093941623,45.36038052602127,194.43708609271522
2023-12-17 14:26:50,4,30.6,2399.998,7933.1484375,13.2,240.0681178735377,45.36038052602127,234.77565526432696
2023-12-17 14:27:05,4,31.4,2399.998,7933.1484375,13.3,186.75037438083172,45.36038052602127,182.63333717313674
2023-12-17 14:27:20,4,29.9,2399.998,7933.1484375,13.3,261.01754950893576,45.36038052602127,255.26324263403637
2023-12-17 14:27:36,4,30.2,2399.998,7933.1484375,13.2,252.8747465294026,45.36038052602127,247.29995320542818
2023-12-17 14:27:50,4,29.7,2399.998,7933.1484375,13.2,198.89338731443993,45.36038052602127,194.50864924549134
2023-12-17 14:27:53,4,28.6,2399.998,7933.1484375,13.2,237.2227099795142,45.36038052602127,231.9929762949956
2023-12-17 14:27:55,4,26.4,2399.998,7933.1484375,13.2,243.74981205833708,45.36038052602127,238.37618403247632
2023-12-17 14:27:57,4,27.3,2399.998,7933.1484375,13.2,101.23516922692644,45.36038052602127,99.00337204945673
2023-12-17 14:27:59,4,39.1,2399.998,7933.1484375,13.3,247.16877572800732,45.36038052602127,241.71977435584694
2023-12-17 14:28:01,4,43.1,2399.998,7933.1484375,13.4,251.69694146871603,45.36038052602127,246.14811364694924
2023-12-17 14:28:07,4,43.2,2399.998,7933.1484375,13.4,247.1310975609756,45.36038052602127,241.6829268292683
2023-12-17 14:28:12,4,43.1,2399.998,7933.1484375,13.7,183.5159610595427,45.36038052602127,179.47022866198776
2023-12-17 14:28:17,4,44.6,2399.998,7933.1484375,14.2,248.11447811447812,45.36038052602127,242.64462809917356
2023-12-17 14:28:23,4,37.0,2399.998,7933.1484375,14.0,234.13922588099365,45.36038052602127,228.97746967071058
2023-12-17 14:28:28,4,35.7,2399.998,7933.1484375,13.9,209.18451612903226,45.36038052602127,204.57290322580644
2023-12-17 14:28:36,4,41.6,2399.998,7933.1484375,13.9,236.63406801926726,45.36038052602127,231.41731134141003
2023-12-17 14:28:44,4,40.2,2399.998,7933.1484375,13.8,235.39712501815015,45.36038052602127,230.2076375780456
2023-12-17 14:28:51,4,40.3,2399.998,7933.1484375,13.8,191.10927737828598,45.36038052602127,186.89614523163976
2023-12-17 14:28:59,4,42.0,2399.998,7933.1484375,13.8,274.590108401084,45.36038052602127,268.5365853658537
2023-12-17 14:29:06,4,38.4,2399.998,7933.1484375,13.8,246.94287890327493,45.36038052602127,241.4988575780655
2023-12-17 14:29:16,4,37.1,2399.998,7933.1484375,13.9,243.74981205833708,45.36038052602127,238.37618403247632
2023-12-17 14:29:26,4,40.7,2399.998,7933.1484375,13.9,254.54231433506044,45.36038052602127,248.9307583608102
2023-12-17 14:29:36,4,42.0,2399.998,7933.1484375,14.1,214.5837193911317,45.36038052602127,209.85307743216413
2023-12-17 14:29:45,4,39.8,2399.998,7933.1484375,14.0,238.0237850535898,45.36038052602127,232.77639113199237
2023-12-17 14:29:55,4,41.6,2399.998,7933.1484375,13.9,240.17481481481482,45.36038052602127,234.88
2023-12-17 14:30:07,4,42.4,2399.998,7933.1484375,13.8,204.23028470647517,45.36038052602127,199.7278911564626
2023-12-17 14:30:19,4,42.1,2399.998,7933.1484375,13.8,254.34264198305615,45.36038052602127,248.7354879196737
2023-12-17 14:30:31,4,41.5,2399.998,7933.1484375,13.9,265.8543784847491,45.36038052602127,259.993440472286
2023-12-17 14:30:43,4,44.0,2399.998,7933.1484375,14.1,239.42992172500368,45.36038052602127,234.15152857775809
2023-12-17 14:30:55,4,41.9,2399.998,7933.1484375,14.0,251.57976412166357,45.36038052602127,246.03351955307264
2023-12-17 14:31:10,4,42.5,2399.998,7933.1484375,14.0,179.35391083084411,45.36038052602127,175.39993362097576
2023-12-17 14:31:24,4,41.7,2399.998,7933.1484375,14.2,266.5975990790988,45.36038052602127,260.72027627035027
2023-12-17 14:31:39,4,40.9,2399.998,7933.1484375,14.1,252.8353087960075,45.36038052602127,247.2613849033063
2023-12-17 14:31:54,4,40.7,2399.998,7933.1484375,14.1,237.0839426732963,45.36038052602127,231.8572682070781
2023-12-17 14:32:09,4,42.1,2399.998,7933.1484375,14.2,250.29797745870002,45.36038052602127,244.77999073645205
2023-12-17 14:32:26,4,42.4,2399.998,7933.1484375,13.9,236.08271443133827,45.36038052602127,230.8781127129751
2023-12-17 14:32:43,4,43.1,2399.998,7933.1484375,13.9,267.12473224583954,45.36038052602127,261.2357884330203
2023-12-17 14:33:00,4,43.7,2399.998,7933.1484375,14.0,260.2215088282504,45.36038052602127,254.48475120385234
2023-12-17 14:33:18,4,43.2,2399.998,7933.1484375,13.8,248.26646248085757,45.36038052602127,242.79326186830016
2023-12-17 14:33:35,4,43.0,2399.998,7933.1484375,13.9,248.9527027027027,45.36038052602127,243.46437346437347
2023-12-17 14:33:37,4,40.7,2399.998,7933.1484375,13.9,251.6578702266377,45.36038052602127,246.10990375659733
2023-12-17 14:33:39,4,36.9,2399.998,7933.1484375,14.0,171.28156365557317,45.36038052602127,167.5055467511886
2023-12-17 14:33:42,4,43.4,2399.998,7933.1484375,14.0,245.78229229836265,45.36038052602127,240.36385688295937
2023-12-17 14:33:44,4,50.7,2399.998,7933.1484375,14.1,247.8868501529052,45.36038052602127,242.42201834862385
2023-12-17 14:33:46,4,55.7,2399.998,7933.1484375,14.1,238.7951097363382,45.36038052602127,233.53071144498455
2023-12-17 14:33:52,4,48.8,2399.998,7933.1484375,14.0,255.14321687126218,45.36038052602127,249.5184135977337
2023-12-17 14:33:57,4,49.4,2399.998,7933.1484375,14.1,245.03929866989117,45.36038052602127,239.6372430471584
2023-12-17 14:34:03,4,48.9,2399.998,7933.1484375,14.1,248.9527027027027,45.36038052602127,243.46437346437347
2023-12-17 14:34:09,4,48.6,2399.998,7933.1484375,14.1,240.24599881446355,45.36038052602127,234.94961470065203
2023-12-17 14:34:15,4,48.2,2399.998,7933.1484375,14.1,119.34481743227326,45.36038052602127,116.71378091872792
2023-12-17 14:34:23,4,47.1,2399.998,7933.1484375,14.0,247.8868501529052,45.36038052602127,242.42201834862385
2023-12-17 14:34:31,4,46.9,2399.998,7933.1484375,14.0,221.98822401752705,45.36038052602127,217.0943447898124
2023-12-17 14:34:39,4,48.6,2399.998,7933.1484375,14.1,261.6916868442292,45.36038052602127,255.9225181598063
2023-12-17 14:34:47,4,49.4,2399.998,7933.1484375,14.1,222.20120614035088,45.36038052602127,217.30263157894737
2023-12-17 14:34:55,4,51.2,2399.998,7933.1484375,14.1,239.0063393778564,45.36038052602127,233.7372843874392
2023-12-17 14:35:06,4,51.4,2399.998,7933.1484375,14.2,250.8789848344166,45.36038052602127,245.3481894150418
2023-12-17 14:35:17,4,49.9,2399.998,7933.1484375,14.2,221.86670316135212,45.36038052602127,216.97550294238403
2023-12-17 14:35:27,4,49.8,2399.998,7933.1484375,14.1,201.28880059597716,45.36038052602127,196.85125403526197
2023-12-17 14:35:38,4,48.5,2399.998,7933.1484375,14.2,256.0701311009319,45.36038052602127,250.42489338177222
2023-12-17 14:35:49,4,49.9,2399.998,7933.1484375,14.2,241.53456495828368,45.36038052602127,236.20977353992848
2023-12-17 14:36:02,4,51.2,2399.998,7933.1484375,14.3,250.68501623627648,45.36038052602127,245.1584969846915
2023-12-17 14:36:15,4,50.6,2399.998,7933.1484375,14.3,228.98022598870057,45.36038052602127,223.9322033898305
2023-12-17 14:36:28,4,50.9,2399.998,7933.1484375,14.4,195.20529801324503,45.36038052602127,190.90186634557494
2023-12-17 14:36:42,4,49.4,2399.998,7933.1484375,14.2,244.22717686050015,45.36038052602127,238.8430250075324
2023-12-17 14:36:55,4,48.7,2399.998,7933.1484375,14.2,247.20646538578836,45.36038052602127,241.7566331198536
2023-12-17 14:37:12,4,51.7,2399.998,7933.1484375,14.1,175.11125513069777,45.36038052602127,171.250810110175
2023-12-17 14:37:29,4,52.7,2399.998,7933.1484375,14.2,248.914478734838,45.36038052602127,243.42699216950714
2023-12-17 14:37:45,4,51.8,2399.998,7933.1484375,14.0,269.97169025811826,45.36038052602127,264.01998334721065
2023-12-17 14:38:01,4,52.2,2399.998,7933.1484375,14.2,250.10490589324283,45.36038052602127,244.5911755630978
2023-12-17 14:38:18,4,53.2,2399.998,7933.1484375,14.5,248.5328836424958,45.36038052602127,243.05380959681128
2023-12-17 14:38:37,4,51.1,2399.998,7933.1484375,13.9,242.2926318935884,45.36038052602127,236.95112838140787
2023-12-17 14:38:56,4,50.6,2399.998,7933.1484375,14.0,251.69694146871603,45.36038052602127,246.14811364694924
2023-12-17 14:39:15,4,50.8,2399.998,7933.1484375,14.0,216.0709049713448,45.36038052602127,211.30747700919633
2023-12-17 14:39:34,4,51.1,2399.998,7933.1484375,14.0,250.41396354649368,45.36038052602127,244.89341983317888
2023-12-17 14:39:53,4,52.3,2399.998,7933.1484375,14.0,269.7022126102146,45.36038052602127,263.756446514723
2023-12-17 14:39:56,4,46.8,2399.998,7933.1484375,14.0,232.46056782334384,45.36038052602127,227.33581875537712
2023-12-17 14:39:58,4,44.8,2399.998,7933.1484375,14.0,171.13691544389317,45.36038052602127,167.36408740631268
2023-12-17 14:40:00,4,58.1,2399.998,7933.1484375,14.1,257.73926868044515,45.36038052602127,252.0572337042925
2023-12-17 14:40:02,4,63.9,2399.998,7933.1484375,14.2,249.02918586789554,45.36038052602127,243.53917050691246
2023-12-17 14:40:04,4,70.4,2399.998,7933.1484375,14.2,246.26765912198087,45.36038052602127,240.83852346954276
2023-12-17 14:40:10,4,61.1,2399.998,7933.1484375,14.1,18.28515356244572,45.36038052602127,17.882045093107454
2023-12-17 14:40:16,4,58.6,2399.998,7933.1484375,14.2,235.02174543345896,45.36038052602127,229.84053348796752
2023-12-17 14:40:22,4,57.4,2399.998,7933.1484375,14.2,232.26074498567334,45.36038052602127,227.1404011461318
2023-12-17 14:40:28,4,67.2,2399.998,7933.1484375,14.2,250.06632731759987,45.36038052602127,244.55344747801942
2023-12-17 14:40:34,4,69.2,2399.998,7933.1484375,14.1,227.15146420064454,45.36038052602127,222.1437578814628
2023-12-17 14:40:43,4,65.8,2399.998,7933.1484375,14.1,255.2235516372796,45.36038052602127,249.5969773299748
2023-12-17 14:40:52,4,60.4,2399.998,7933.1484375,14.3,246.52980535279806,45.36038052602127,241.09489051094891
2023-12-17 14:41:01,4,55.5,2399.998,7933.1484375,14.2,240.67399049881234,45.36038052602127,235.36817102137766
2023-12-17 14:41:10,4,56.5,2399.998,7933.1484375,14.3,176.94608164156298,45.36038052602127,173.0451866404715
2023-12-17 14:41:20,4,60.1,2399.998,7933.1484375,14.3,249.10571604179472,45.36038052602127,243.6140135218193
2023-12-17 14:41:32,4,63.0,2399.998,7933.1484375,14.4,248.49478847332924,45.36038052602127,243.01655426118944
2023-12-17 14:41:45,4,59.6,2399.998,7933.1484375,14.4,269.7919786986187,45.36038052602127,263.84423364952573
2023-12-17 14:41:58,4,58.9,2399.998,7933.1484375,14.4,251.8533478328414,45.36038052602127,246.30107192791672
2023-12-17 14:42:11,4,59.3,2399.998,7933.1484375,14.4,174.37668064967193,45.36038052602127,170.5324298160697
2023-12-17 14:42:23,4,58.4,2399.998,7933.1484375,14.4,24.907127164344207,45.36038052602127,24.358032847332115
2023-12-17 14:42:39,4,60.6,2399.998,7933.1484375,14.4,236.7031683457439,45.36038052602127,231.484888304862
2023-12-17 14:42:54,4,60.0,2399.998,7933.1484375,14.4,245.5217325458125,45.36038052602127,240.10904134484326
2023-12-17 14:43:10,4,58.6,2399.998,7933.1484375,14.1,249.2205995388163,45.36038052602127,243.72636433512682
2023-12-17 14:43:25,4,59.1,2399.998,7933.1484375,14.1,250.2207130730051,45.36038052602127,244.70442969594072
2023-12-17 14:43:41,4,58.7,2399.998,7933.1484375,14.2,270.2867622540847,45.36038052602127,264.32810936978996
2023-12-17 14:43:59,4,58.3,2399.998,7933.1484375,14.0,248.03855569155448,45.36038052602127,242.57037943696452
2023-12-17 14:44:18,4,60.0,2399.998,7933.1484375,14.1,248.07651109410864,45.36038052602127,242.60749808722264
2023-12-17 14:44:36,4,58.6,2399.998,7933.1484375,14.1,221.4121824638077,45.36038052602127,216.53100245834472
2023-12-17 14:44:55,4,58.0,2399.998,7933.1484375,14.0,258.6439055520102,45.36038052602127,252.94192724952137
2023-12-17 14:45:13,4,60.0,2399.998,7933.1484375,14.0,228.88324156430892,45.36038052602127,223.83735705209656
2023-12-17 14:45:35,4,60.2,2399.998,7933.1484375,14.0,257.94431185361975,45.36038052602127,252.25775656324583
2023-12-17 14:45:56,4,59.2,2399.998,7933.1484375,13.9,273.7092689515448,45.36038052602127,267.67516461252745
2023-12-17 14:46:18,4,60.0,2399.998,7933.1484375,14.0,21.984784583881424,45.36038052602127,21.50011526830393
2023-12-17 14:46:39,4,60.9,2399.998,7933.1484375,14.1,273.7092689515448,45.36038052602127,267.67516461252745
2023-12-17 14:47:00,4,59.5,2399.998,7933.1484375,14.0,256.23202149517937,45.36038052602127,250.58321479374112
2023-12-17 14:47:03,4,52.7,2399.998,7933.1484375,14.1,250.02776064157928,45.36038052602127,244.51573103022827
2023-12-17 14:47:05,4,54.8,2399.998,7933.1484375,14.1,30.558896156528622,45.36038052602127,29.885204802925486
2023-12-17 14:47:07,4,64.8,2399.998,7933.1484375,14.1,251.50170648464163,45.36038052602127,245.9571827489916
2023-12-17 14:47:09,4,68.0,2399.998,7933.1484375,14.1,257.33015873015876,45.36038052602127,251.65714285714284
2023-12-17 14:47:11,4,72.5,2399.998,7933.1484375,14.2,251.15104570100698,45.36038052602127,245.61425251742835
2023-12-17 14:47:18,4,63.3,2399.998,7933.1484375,14.1,189.30172816440916,45.36038052602127,185.12844465203176
2023-12-17 14:47:24,4,56.4,2399.998,7933.1484375,14.0,198.4794319294809,45.36038052602127,194.10381978452497
2023-12-17 14:47:31,4,60.8,2399.998,7933.1484375,14.0,189.700444652469,45.36038052602127,185.5183711677978
2023-12-17 14:47:37,4,59.4,2399.998,7933.1484375,14.1,246.45484949832775,45.36038052602127,241.02158710854363
2023-12-17 14:47:44,4,63.7,2399.998,7933.1484375,14.1,182.09367628889137,45.36038052602127,178.07929911265865
2023-12-17 14:47:54,4,66.4,2399.998,7933.1484375,14.2,266.7291872326423,45.36038052602127,260.84896347482726
